{"sessionId": "ce07cd", "hypothesisId": "H4", "location": "global_update.py:combo_start", "message": "combo processing start", "data": {"run_id": 5, "combo": "v1/logistic_regression", "index": 0, "fixtures_count": 193}, "timestamp": 1783866859880}
{"sessionId": "ce07cd", "hypothesisId": "H1", "location": "global_update.py:before_predict", "message": "starting predict_upcoming_fixtures", "data": {"run_id": 5, "fixtures_count": 193}, "timestamp": 1783866859883}
{"sessionId": "ce07cd", "hypothesisId": "H1", "location": "predictor.py:predict_upcoming_start", "message": "predict loop start", "data": {"fixtures_count": 193, "model_version": "v1", "model_name": "logistic_regression"}, "timestamp": 1783866859885}
{"sessionId": "ce07cd", "hypothesisId": "H2", "location": "predictor.py:predict_progress", "message": "fixture batch processed", "data": {"fixture_index": 1, "total": 193, "event_key": 12145257, "has_prob": true}, "timestamp": 1783866885259}
{"sessionId": "ce07cd", "hypothesisId": "H2", "location": "predictor.py:predict_progress", "message": "fixture batch processed", "data": {"fixture_index": 25, "total": 193, "event_key": 12145354, "has_prob": true}, "timestamp": 1783866887477}
{"sessionId": "ce07cd", "hypothesisId": "H2", "location": "predictor.py:predict_progress", "message": "fixture batch processed", "data": {"fixture_index": 50, "total": 193, "event_key": 12145487, "has_prob": true}, "timestamp": 1783866890131}
{"sessionId": "ce07cd", "hypothesisId": "H2", "location": "predictor.py:predict_progress", "message": "fixture batch processed", "data": {"fixture_index": 75, "total": 193, "event_key": 12145521, "has_prob": true}, "timestamp": 1783866892275}
{"sessionId": "ce07cd", "hypothesisId": "H2", "location": "predictor.py:predict_progress", "message": "fixture batch processed", "data": {"fixture_index": 100, "total": 193, "event_key": 12145372, "has_prob": true}, "timestamp": 1783866894336}
{"sessionId": "ce07cd", "hypothesisId": "H2", "location": "predictor.py:predict_progress", "message": "fixture batch processed", "data": {"fixture_index": 125, "total": 193, "event_key": 12145407, "has_prob": true}, "timestamp": 1783866897077}
{"sessionId": "ce07cd", "hypothesisId": "H2", "location": "predictor.py:predict_progress", "message": "fixture batch processed", "data": {"fixture_index": 150, "total": 193, "event_key": 12145544, "has_prob": true}, "timestamp": 1783866898749}
{"sessionId": "ce07cd", "hypothesisId": "H2", "location": "predictor.py:predict_progress", "message": "fixture batch processed", "data": {"fixture_index": 175, "total": 193, "event_key": 12145498, "has_prob": true}, "timestamp": 1783866900694}
{"sessionId": "ce07cd", "hypothesisId": "H2", "location": "predictor.py:predict_progress", "message": "fixture batch processed", "data": {"fixture_index": 193, "total": 193, "event_key": 12145516, "has_prob": true}, "timestamp": 1783866904103}
{"sessionId": "ce07cd", "hypothesisId": "H1", "location": "predictor.py:predict_upcoming_end", "message": "predict loop end", "data": {"predictions_count": 193}, "timestamp": 1783866904126}
{"sessionId": "ce07cd", "hypothesisId": "H1", "location": "global_update.py:after_predict", "message": "finished predict_upcoming_fixtures", "data": {"run_id": 5, "predictions_count": 193}, "timestamp": 1783866904531}
{"sessionId": "ce07cd", "hypothesisId": "H2", "location": "global_update.py:before_slips", "message": "starting get_daily_betting_slips", "data": {"run_id": 5}, "timestamp": 1783866904537}
{"sessionId": "ce07cd", "hypothesisId": "H2", "location": "global_update.py:after_slips", "message": "finished get_daily_betting_slips", "data": {"run_id": 5, "slips_count": 5}, "timestamp": 1783866904790}
{"sessionId": "ce07cd", "hypothesisId": "H4", "location": "global_update.py:combo_start", "message": "combo processing start", "data": {"run_id": 5, "combo": "v1/random_forest", "index": 1, "fixtures_count": 193}, "timestamp": 1783866904868}
{"sessionId": "ce07cd", "hypothesisId": "H1", "location": "global_update.py:before_predict", "message": "starting predict_upcoming_fixtures", "data": {"run_id": 5, "fixtures_count": 193}, "timestamp": 1783866904881}
{"sessionId": "ce07cd", "hypothesisId": "H1", "location": "predictor.py:predict_upcoming_start", "message": "predict loop start", "data": {"fixtures_count": 193, "model_version": "v1", "model_name": "random_forest"}, "timestamp": 1783866904887}
{"sessionId": "ce07cd", "hypothesisId": "H2", "location": "predictor.py:predict_progress", "message": "fixture batch processed", "data": {"fixture_index": 1, "total": 193, "event_key": 12145257, "has_prob": true}, "timestamp": 1783866920996}
{"sessionId": "ce07cd", "hypothesisId": "H2", "location": "predictor.py:predict_progress", "message": "fixture batch processed", "data": {"fixture_index": 25, "total": 193, "event_key": 12145354, "has_prob": true}, "timestamp": 1783866924208}
{"sessionId": "ce07cd", "hypothesisId": "H2", "location": "predictor.py:predict_progress", "message": "fixture batch processed", "data": {"fixture_index": 50, "total": 193, "event_key": 12145487, "has_prob": true}, "timestamp": 1783866929028}
{"sessionId": "ce07cd", "hypothesisId": "H2", "location": "predictor.py:predict_progress", "message": "fixture batch processed", "data": {"fixture_index": 75, "total": 193, "event_key": 12145521, "has_prob": true}, "timestamp": 1783866933223}
{"sessionId": "ce07cd", "hypothesisId": "H2", "location": "predictor.py:predict_progress", "message": "fixture batch processed", "data": {"fixture_index": 100, "total": 193, "event_key": 12145372, "has_prob": true}, "timestamp": 1783866936655}
{"sessionId": "ce07cd", "hypothesisId": "H2", "location": "predictor.py:predict_progress", "message": "fixture batch processed", "data": {"fixture_index": 125, "total": 193, "event_key": 12145407, "has_prob": true}, "timestamp": 1783866939868}
{"sessionId": "ce07cd", "hypothesisId": "H2", "location": "predictor.py:predict_progress", "message": "fixture batch processed", "data": {"fixture_index": 150, "total": 193, "event_key": 12145544, "has_prob": true}, "timestamp": 1783866946419}
{"sessionId": "ce07cd", "hypothesisId": "H2", "location": "predictor.py:predict_progress", "message": "fixture batch processed", "data": {"fixture_index": 175, "total": 193, "event_key": 12145498, "has_prob": true}, "timestamp": 1783866949492}
{"sessionId": "ce07cd", "hypothesisId": "H2", "location": "predictor.py:predict_progress", "message": "fixture batch processed", "data": {"fixture_index": 193, "total": 193, "event_key": 12145516, "has_prob": true}, "timestamp": 1783866951455}
{"sessionId": "ce07cd", "hypothesisId": "H1", "location": "predictor.py:predict_upcoming_end", "message": "predict loop end", "data": {"predictions_count": 193}, "timestamp": 1783866951476}
{"sessionId": "ce07cd", "hypothesisId": "H1", "location": "global_update.py:after_predict", "message": "finished predict_upcoming_fixtures", "data": {"run_id": 5, "predictions_count": 193}, "timestamp": 1783866951843}
{"sessionId": "ce07cd", "hypothesisId": "H2", "location": "global_update.py:before_slips", "message": "starting get_daily_betting_slips", "data": {"run_id": 5}, "timestamp": 1783866951844}
{"sessionId": "ce07cd", "hypothesisId": "H2", "location": "global_update.py:after_slips", "message": "finished get_daily_betting_slips", "data": {"run_id": 5, "slips_count": 5}, "timestamp": 1783866951999}
{"sessionId": "ce07cd", "hypothesisId": "H4", "location": "global_update.py:combo_start", "message": "combo processing start", "data": {"run_id": 5, "combo": "v2/logistic_regression", "index": 2, "fixtures_count": 193}, "timestamp": 1783866952021}
{"sessionId": "ce07cd", "hypothesisId": "H1", "location": "global_update.py:before_predict", "message": "starting predict_upcoming_fixtures", "data": {"run_id": 5, "fixtures_count": 193}, "timestamp": 1783866952022}
{"sessionId": "ce07cd", "hypothesisId": "H1", "location": "predictor.py:predict_upcoming_start", "message": "predict loop start", "data": {"fixtures_count": 193, "model_version": "v2", "model_name": "logistic_regression"}, "timestamp": 1783866952024}
{"sessionId": "ce07cd", "hypothesisId": "H2", "location": "predictor.py:predict_progress", "message": "fixture batch processed", "data": {"fixture_index": 1, "total": 193, "event_key": 12145257, "has_prob": true}, "timestamp": 1783867084000}
{"sessionId": "ce07cd", "hypothesisId": "H2", "location": "predictor.py:predict_progress", "message": "fixture batch processed", "data": {"fixture_index": 25, "total": 193, "event_key": 12145354, "has_prob": true}, "timestamp": 1783867087142}
{"sessionId": "ce07cd", "hypothesisId": "H2", "location": "predictor.py:predict_progress", "message": "fixture batch processed", "data": {"fixture_index": 50, "total": 193, "event_key": 12145487, "has_prob": true}, "timestamp": 1783867094714}
{"sessionId": "ce07cd", "hypothesisId": "H2", "location": "predictor.py:predict_progress", "message": "fixture batch processed", "data": {"fixture_index": 75, "total": 193, "event_key": 12145521, "has_prob": true}, "timestamp": 1783867098266}
{"sessionId": "ce07cd", "hypothesisId": "H2", "location": "predictor.py:predict_progress", "message": "fixture batch processed", "data": {"fixture_index": 100, "total": 193, "event_key": 12145372, "has_prob": true}, "timestamp": 1783867105538}
{"sessionId": "ce07cd", "hypothesisId": "H2", "location": "predictor.py:predict_progress", "message": "fixture batch processed", "data": {"fixture_index": 125, "total": 193, "event_key": 12145407, "has_prob": true}, "timestamp": 1783867110392}
{"sessionId": "ce07cd", "hypothesisId": "H2", "location": "predictor.py:predict_progress", "message": "fixture batch processed", "data": {"fixture_index": 150, "total": 193, "event_key": 12145544, "has_prob": true}, "timestamp": 1783867112258}
{"sessionId": "ce07cd", "hypothesisId": "H2", "location": "predictor.py:predict_progress", "message": "fixture batch processed", "data": {"fixture_index": 175, "total": 193, "event_key": 12145498, "has_prob": true}, "timestamp": 1783867119258}
{"sessionId": "ce07cd", "hypothesisId": "H2", "location": "predictor.py:predict_progress", "message": "fixture batch processed", "data": {"fixture_index": 193, "total": 193, "event_key": 12145516, "has_prob": true}, "timestamp": 1783867125903}
{"sessionId": "ce07cd", "hypothesisId": "H1", "location": "predictor.py:predict_upcoming_end", "message": "predict loop end", "data": {"predictions_count": 193}, "timestamp": 1783867125930}
{"sessionId": "ce07cd", "hypothesisId": "H1", "location": "global_update.py:after_predict", "message": "finished predict_upcoming_fixtures", "data": {"run_id": 5, "predictions_count": 193}, "timestamp": 1783867127105}
{"sessionId": "ce07cd", "hypothesisId": "H2", "location": "global_update.py:before_slips", "message": "starting get_daily_betting_slips", "data": {"run_id": 5}, "timestamp": 1783867127107}
{"sessionId": "ce07cd", "hypothesisId": "H2", "location": "global_update.py:after_slips", "message": "finished get_daily_betting_slips", "data": {"run_id": 5, "slips_count": 5}, "timestamp": 1783867127385}
{"sessionId": "ce07cd", "hypothesisId": "H4", "location": "global_update.py:combo_start", "message": "combo processing start", "data": {"run_id": 5, "combo": "v2/random_forest", "index": 3, "fixtures_count": 193}, "timestamp": 1783867127451}
{"sessionId": "ce07cd", "hypothesisId": "H1", "location": "global_update.py:before_predict", "message": "starting predict_upcoming_fixtures", "data": {"run_id": 5, "fixtures_count": 193}, "timestamp": 1783867127454}
{"sessionId": "ce07cd", "hypothesisId": "H1", "location": "predictor.py:predict_upcoming_start", "message": "predict loop start", "data": {"fixtures_count": 193, "model_version": "v2", "model_name": "random_forest"}, "timestamp": 1783867127455}
{"sessionId": "ce07cd", "hypothesisId": "H2", "location": "predictor.py:predict_progress", "message": "fixture batch processed", "data": {"fixture_index": 1, "total": 193, "event_key": 12145257, "has_prob": true}, "timestamp": 1783867239471}
{"sessionId": "ce07cd", "hypothesisId": "H2", "location": "predictor.py:predict_progress", "message": "fixture batch processed", "data": {"fixture_index": 25, "total": 193, "event_key": 12145354, "has_prob": true}, "timestamp": 1783867240337}
{"sessionId": "ce07cd", "hypothesisId": "H2", "location": "predictor.py:predict_progress", "message": "fixture batch processed", "data": {"fixture_index": 50, "total": 193, "event_key": 12145487, "has_prob": true}, "timestamp": 1783867241642}
{"sessionId": "ce07cd", "hypothesisId": "H2", "location": "predictor.py:predict_progress", "message": "fixture batch processed", "data": {"fixture_index": 75, "total": 193, "event_key": 12145521, "has_prob": true}, "timestamp": 1783867242518}
{"sessionId": "ce07cd", "hypothesisId": "H2", "location": "predictor.py:predict_progress", "message": "fixture batch processed", "data": {"fixture_index": 100, "total": 193, "event_key": 12145372, "has_prob": true}, "timestamp": 1783867243415}
{"sessionId": "ce07cd", "hypothesisId": "H2", "location": "predictor.py:predict_progress", "message": "fixture batch processed", "data": {"fixture_index": 125, "total": 193, "event_key": 12145407, "has_prob": true}, "timestamp": 1783867244302}
{"sessionId": "ce07cd", "hypothesisId": "H2", "location": "predictor.py:predict_progress", "message": "fixture batch processed", "data": {"fixture_index": 150, "total": 193, "event_key": 12145544, "has_prob": true}, "timestamp": 1783867245183}
{"sessionId": "ce07cd", "hypothesisId": "H2", "location": "predictor.py:predict_progress", "message": "fixture batch processed", "data": {"fixture_index": 175, "total": 193, "event_key": 12145498, "has_prob": true}, "timestamp": 1783867246089}
{"sessionId": "ce07cd", "hypothesisId": "H2", "location": "predictor.py:predict_progress", "message": "fixture batch processed", "data": {"fixture_index": 193, "total": 193, "event_key": 12145516, "has_prob": true}, "timestamp": 1783867246723}
{"sessionId": "ce07cd", "hypothesisId": "H1", "location": "predictor.py:predict_upcoming_end", "message": "predict loop end", "data": {"predictions_count": 193}, "timestamp": 1783867246731}
{"sessionId": "ce07cd", "hypothesisId": "H1", "location": "global_update.py:after_predict", "message": "finished predict_upcoming_fixtures", "data": {"run_id": 5, "predictions_count": 193}, "timestamp": 1783867247034}
{"sessionId": "ce07cd", "hypothesisId": "H2", "location": "global_update.py:before_slips", "message": "starting get_daily_betting_slips", "data": {"run_id": 5}, "timestamp": 1783867247035}
{"sessionId": "ce07cd", "hypothesisId": "H2", "location": "global_update.py:after_slips", "message": "finished get_daily_betting_slips", "data": {"run_id": 5, "slips_count": 5}, "timestamp": 1783867247107}
{"sessionId": "ce07cd", "hypothesisId": "H4", "location": "global_update.py:combo_start", "message": "combo processing start", "data": {"run_id": 5, "combo": "v3/logistic_regression", "index": 4, "fixtures_count": 193}, "timestamp": 1783867247117}
{"sessionId": "ce07cd", "hypothesisId": "H1", "location": "global_update.py:before_predict", "message": "starting predict_upcoming_fixtures", "data": {"run_id": 5, "fixtures_count": 193}, "timestamp": 1783867247117}
{"sessionId": "ce07cd", "hypothesisId": "H1", "location": "predictor.py:predict_upcoming_start", "message": "predict loop start", "data": {"fixtures_count": 193, "model_version": "v3", "model_name": "logistic_regression"}, "timestamp": 1783867247118}
{"sessionId": "ce07cd", "hypothesisId": "H2", "location": "predictor.py:predict_progress", "message": "fixture batch processed", "data": {"fixture_index": 1, "total": 193, "event_key": 12145257, "has_prob": true}, "timestamp": 1783867341947}
{"sessionId": "ce07cd", "hypothesisId": "H2", "location": "predictor.py:predict_progress", "message": "fixture batch processed", "data": {"fixture_index": 25, "total": 193, "event_key": 12145354, "has_prob": true}, "timestamp": 1783867343358}
{"sessionId": "ce07cd", "hypothesisId": "H2", "location": "predictor.py:predict_progress", "message": "fixture batch processed", "data": {"fixture_index": 50, "total": 193, "event_key": 12145487, "has_prob": true}, "timestamp": 1783867344823}
{"sessionId": "ce07cd", "hypothesisId": "H2", "location": "predictor.py:predict_progress", "message": "fixture batch processed", "data": {"fixture_index": 75, "total": 193, "event_key": 12145521, "has_prob": false}, "timestamp": 1783867345973}
{"sessionId": "ce07cd", "hypothesisId": "H2", "location": "predictor.py:predict_progress", "message": "fixture batch processed", "data": {"fixture_index": 100, "total": 193, "event_key": 12145372, "has_prob": false}, "timestamp": 1783867348336}
{"sessionId": "ce07cd", "hypothesisId": "H2", "location": "predictor.py:predict_progress", "message": "fixture batch processed", "data": {"fixture_index": 125, "total": 193, "event_key": 12145407, "has_prob": false}, "timestamp": 1783867348927}
{"sessionId": "ce07cd", "hypothesisId": "H2", "location": "predictor.py:predict_progress", "message": "fixture batch processed", "data": {"fixture_index": 150, "total": 193, "event_key": 12145544, "has_prob": false}, "timestamp": 1783867349676}
{"sessionId": "ce07cd", "hypothesisId": "H2", "location": "predictor.py:predict_progress", "message": "fixture batch processed", "data": {"fixture_index": 175, "total": 193, "event_key": 12145498, "has_prob": false}, "timestamp": 1783867349772}
{"sessionId": "ce07cd", "hypothesisId": "H2", "location": "predictor.py:predict_progress", "message": "fixture batch processed", "data": {"fixture_index": 193, "total": 193, "event_key": 12145516, "has_prob": false}, "timestamp": 1783867349848}
{"sessionId": "ce07cd", "hypothesisId": "H1", "location": "predictor.py:predict_upcoming_end", "message": "predict loop end", "data": {"predictions_count": 193}, "timestamp": 1783867349856}
{"sessionId": "ce07cd", "hypothesisId": "H1", "location": "global_update.py:after_predict", "message": "finished predict_upcoming_fixtures", "data": {"run_id": 5, "predictions_count": 193}, "timestamp": 1783867350503}
{"sessionId": "ce07cd", "hypothesisId": "H2", "location": "global_update.py:before_slips", "message": "starting get_daily_betting_slips", "data": {"run_id": 5}, "timestamp": 1783867350505}
{"sessionId": "ce07cd", "hypothesisId": "H2", "location": "global_update.py:after_slips", "message": "finished get_daily_betting_slips", "data": {"run_id": 5, "slips_count": 4}, "timestamp": 1783867350598}
{"sessionId": "ce07cd", "hypothesisId": "H4", "location": "global_update.py:combo_start", "message": "combo processing start", "data": {"run_id": 5, "combo": "v3/random_forest", "index": 5, "fixtures_count": 193}, "timestamp": 1783867350615}
{"sessionId": "ce07cd", "hypothesisId": "H1", "location": "global_update.py:before_predict", "message": "starting predict_upcoming_fixtures", "data": {"run_id": 5, "fixtures_count": 193}, "timestamp": 1783867350616}
{"sessionId": "ce07cd", "hypothesisId": "H1", "location": "predictor.py:predict_upcoming_start", "message": "predict loop start", "data": {"fixtures_count": 193, "model_version": "v3", "model_name": "random_forest"}, "timestamp": 1783867350618}
{"sessionId": "ce07cd", "hypothesisId": "H2", "location": "predictor.py:predict_progress", "message": "fixture batch processed", "data": {"fixture_index": 1, "total": 193, "event_key": 12145257, "has_prob": true}, "timestamp": 1783867457433}
{"sessionId": "ce07cd", "hypothesisId": "H2", "location": "predictor.py:predict_progress", "message": "fixture batch processed", "data": {"fixture_index": 25, "total": 193, "event_key": 12145354, "has_prob": true}, "timestamp": 1783867459789}
{"sessionId": "ce07cd", "hypothesisId": "H2", "location": "predictor.py:predict_progress", "message": "fixture batch processed", "data": {"fixture_index": 50, "total": 193, "event_key": 12145487, "has_prob": true}, "timestamp": 1783867462110}
{"sessionId": "ce07cd", "hypothesisId": "H2", "location": "predictor.py:predict_progress", "message": "fixture batch processed", "data": {"fixture_index": 75, "total": 193, "event_key": 12145521, "has_prob": false}, "timestamp": 1783867463694}
{"sessionId": "ce07cd", "hypothesisId": "H2", "location": "predictor.py:predict_progress", "message": "fixture batch processed", "data": {"fixture_index": 100, "total": 193, "event_key": 12145372, "has_prob": false}, "timestamp": 1783867466021}
{"sessionId": "ce07cd", "hypothesisId": "H2", "location": "predictor.py:predict_progress", "message": "fixture batch processed", "data": {"fixture_index": 125, "total": 193, "event_key": 12145407, "has_prob": false}, "timestamp": 1783867466995}
{"sessionId": "ce07cd", "hypothesisId": "H2", "location": "predictor.py:predict_progress", "message": "fixture batch processed", "data": {"fixture_index": 150, "total": 193, "event_key": 12145544, "has_prob": false}, "timestamp": 1783867468238}
{"sessionId": "ce07cd", "hypothesisId": "H2", "location": "predictor.py:predict_progress", "message": "fixture batch processed", "data": {"fixture_index": 175, "total": 193, "event_key": 12145498, "has_prob": false}, "timestamp": 1783867468308}
{"sessionId": "ce07cd", "hypothesisId": "H2", "location": "predictor.py:predict_progress", "message": "fixture batch processed", "data": {"fixture_index": 193, "total": 193, "event_key": 12145516, "has_prob": false}, "timestamp": 1783867468376}
{"sessionId": "ce07cd", "hypothesisId": "H1", "location": "predictor.py:predict_upcoming_end", "message": "predict loop end", "data": {"predictions_count": 193}, "timestamp": 1783867468384}
{"sessionId": "ce07cd", "hypothesisId": "H1", "location": "global_update.py:after_predict", "message": "finished predict_upcoming_fixtures", "data": {"run_id": 5, "predictions_count": 193}, "timestamp": 1783867469003}
{"sessionId": "ce07cd", "hypothesisId": "H2", "location": "global_update.py:before_slips", "message": "starting get_daily_betting_slips", "data": {"run_id": 5}, "timestamp": 1783867469005}
{"sessionId": "ce07cd", "hypothesisId": "H2", "location": "global_update.py:after_slips", "message": "finished get_daily_betting_slips", "data": {"run_id": 5, "slips_count": 4}, "timestamp": 1783867469136}
{"sessionId": "ce07cd", "hypothesisId": "H4", "location": "global_update.py:combo_start", "message": "combo processing start", "data": {"run_id": 6, "combo": "v1/logistic_regression", "index": 0, "fixtures_count": 212}, "timestamp": 1783928418597}
{"sessionId": "ce07cd", "hypothesisId": "H1", "location": "global_update.py:before_predict", "message": "starting predict_upcoming_fixtures", "data": {"run_id": 6, "fixtures_count": 212}, "timestamp": 1783928418598}
{"sessionId": "ce07cd", "hypothesisId": "H1", "location": "predictor.py:predict_upcoming_start", "message": "predict loop start", "data": {"fixtures_count": 212, "model_version": "v1", "model_name": "logistic_regression"}, "timestamp": 1783928418600}
{"sessionId": "ce07cd", "hypothesisId": "H2", "location": "predictor.py:predict_progress", "message": "fixture batch processed", "data": {"fixture_index": 1, "total": 212, "event_key": 12145521, "has_prob": true}, "timestamp": 1783928429525}
{"sessionId": "ce07cd", "hypothesisId": "H2", "location": "predictor.py:predict_progress", "message": "fixture batch processed", "data": {"fixture_index": 25, "total": 212, "event_key": 12145546, "has_prob": true}, "timestamp": 1783928433232}
{"sessionId": "ce07cd", "hypothesisId": "H2", "location": "predictor.py:predict_progress", "message": "fixture batch processed", "data": {"fixture_index": 50, "total": 212, "event_key": 12145368, "has_prob": true}, "timestamp": 1783928435758}
{"sessionId": "ce07cd", "hypothesisId": "H2", "location": "predictor.py:predict_progress", "message": "fixture batch processed", "data": {"fixture_index": 75, "total": 212, "event_key": 12145584, "has_prob": true}, "timestamp": 1783928440059}
{"sessionId": "ce07cd", "hypothesisId": "H2", "location": "predictor.py:predict_progress", "message": "fixture batch processed", "data": {"fixture_index": 100, "total": 212, "event_key": 12145410, "has_prob": true}, "timestamp": 1783928442346}
{"sessionId": "ce07cd", "hypothesisId": "H2", "location": "predictor.py:predict_progress", "message": "fixture batch processed", "data": {"fixture_index": 125, "total": 212, "event_key": 12145198, "has_prob": true}, "timestamp": 1783928443881}
{"sessionId": "ce07cd", "hypothesisId": "H2", "location": "predictor.py:predict_progress", "message": "fixture batch processed", "data": {"fixture_index": 150, "total": 212, "event_key": 12145402, "has_prob": true}, "timestamp": 1783928445686}
{"sessionId": "ce07cd", "hypothesisId": "H2", "location": "predictor.py:predict_progress", "message": "fixture batch processed", "data": {"fixture_index": 175, "total": 212, "event_key": 12145545, "has_prob": true}, "timestamp": 1783928447433}
{"sessionId": "ce07cd", "hypothesisId": "H2", "location": "predictor.py:predict_progress", "message": "fixture batch processed", "data": {"fixture_index": 200, "total": 212, "event_key": 12145654, "has_prob": true}, "timestamp": 1783928449941}
{"sessionId": "ce07cd", "hypothesisId": "H2", "location": "predictor.py:predict_progress", "message": "fixture batch processed", "data": {"fixture_index": 212, "total": 212, "event_key": 12145414, "has_prob": true}, "timestamp": 1783928450694}
{"sessionId": "ce07cd", "hypothesisId": "H1", "location": "predictor.py:predict_upcoming_end", "message": "predict loop end", "data": {"predictions_count": 212}, "timestamp": 1783928450711}
{"sessionId": "ce07cd", "hypothesisId": "H1", "location": "global_update.py:after_predict", "message": "finished predict_upcoming_fixtures", "data": {"run_id": 6, "predictions_count": 212}, "timestamp": 1783928451170}
{"sessionId": "ce07cd", "hypothesisId": "H2", "location": "global_update.py:before_slips", "message": "starting get_daily_betting_slips", "data": {"run_id": 6}, "timestamp": 1783928451172}
{"sessionId": "ce07cd", "hypothesisId": "H2", "location": "global_update.py:after_slips", "message": "finished get_daily_betting_slips", "data": {"run_id": 6, "slips_count": 5}, "timestamp": 1783928451517}
{"sessionId": "ce07cd", "hypothesisId": "H4", "location": "global_update.py:combo_start", "message": "combo processing start", "data": {"run_id": 6, "combo": "v1/random_forest", "index": 1, "fixtures_count": 212}, "timestamp": 1783928451599}
{"sessionId": "ce07cd", "hypothesisId": "H1", "location": "global_update.py:before_predict", "message": "starting predict_upcoming_fixtures", "data": {"run_id": 6, "fixtures_count": 212}, "timestamp": 1783928451614}
{"sessionId": "ce07cd", "hypothesisId": "H1", "location": "predictor.py:predict_upcoming_start", "message": "predict loop start", "data": {"fixtures_count": 212, "model_version": "v1", "model_name": "random_forest"}, "timestamp": 1783928451660}
{"sessionId": "ce07cd", "hypothesisId": "H2", "location": "predictor.py:predict_progress", "message": "fixture batch processed", "data": {"fixture_index": 1, "total": 212, "event_key": 12145521, "has_prob": true}, "timestamp": 1783928476236}
{"sessionId": "ce07cd", "hypothesisId": "H2", "location": "predictor.py:predict_progress", "message": "fixture batch processed", "data": {"fixture_index": 25, "total": 212, "event_key": 12145546, "has_prob": true}, "timestamp": 1783928479501}
{"sessionId": "ce07cd", "hypothesisId": "H2", "location": "predictor.py:predict_progress", "message": "fixture batch processed", "data": {"fixture_index": 50, "total": 212, "event_key": 12145368, "has_prob": true}, "timestamp": 1783928484122}
{"sessionId": "ce07cd", "hypothesisId": "H2", "location": "predictor.py:predict_progress", "message": "fixture batch processed", "data": {"fixture_index": 75, "total": 212, "event_key": 12145584, "has_prob": true}, "timestamp": 1783928489599}
{"sessionId": "ce07cd", "hypothesisId": "H2", "location": "predictor.py:predict_progress", "message": "fixture batch processed", "data": {"fixture_index": 100, "total": 212, "event_key": 12145410, "has_prob": true}, "timestamp": 1783928496668}
{"sessionId": "ce07cd", "hypothesisId": "H2", "location": "predictor.py:predict_progress", "message": "fixture batch processed", "data": {"fixture_index": 125, "total": 212, "event_key": 12145198, "has_prob": true}, "timestamp": 1783928499859}
{"sessionId": "ce07cd", "hypothesisId": "H2", "location": "predictor.py:predict_progress", "message": "fixture batch processed", "data": {"fixture_index": 150, "total": 212, "event_key": 12145402, "has_prob": true}, "timestamp": 1783928502931}
{"sessionId": "ce07cd", "hypothesisId": "H2", "location": "predictor.py:predict_progress", "message": "fixture batch processed", "data": {"fixture_index": 175, "total": 212, "event_key": 12145545, "has_prob": true}, "timestamp": 1783928506240}
{"sessionId": "ce07cd", "hypothesisId": "H2", "location": "predictor.py:predict_progress", "message": "fixture batch processed", "data": {"fixture_index": 200, "total": 212, "event_key": 12145654, "has_prob": true}, "timestamp": 1783928509189}
{"sessionId": "ce07cd", "hypothesisId": "H2", "location": "predictor.py:predict_progress", "message": "fixture batch processed", "data": {"fixture_index": 212, "total": 212, "event_key": 12145414, "has_prob": true}, "timestamp": 1783928510383}
{"sessionId": "ce07cd", "hypothesisId": "H1", "location": "predictor.py:predict_upcoming_end", "message": "predict loop end", "data": {"predictions_count": 212}, "timestamp": 1783928510405}
{"sessionId": "ce07cd", "hypothesisId": "H1", "location": "global_update.py:after_predict", "message": "finished predict_upcoming_fixtures", "data": {"run_id": 6, "predictions_count": 212}, "timestamp": 1783928510756}
{"sessionId": "ce07cd", "hypothesisId": "H2", "location": "global_update.py:before_slips", "message": "starting get_daily_betting_slips", "data": {"run_id": 6}, "timestamp": 1783928510758}
{"sessionId": "ce07cd", "hypothesisId": "H2", "location": "global_update.py:after_slips", "message": "finished get_daily_betting_slips", "data": {"run_id": 6, "slips_count": 5}, "timestamp": 1783928510989}
{"sessionId": "ce07cd", "hypothesisId": "H4", "location": "global_update.py:combo_start", "message": "combo processing start", "data": {"run_id": 6, "combo": "v2/logistic_regression", "index": 2, "fixtures_count": 212}, "timestamp": 1783928511011}
{"sessionId": "ce07cd", "hypothesisId": "H1", "location": "global_update.py:before_predict", "message": "starting predict_upcoming_fixtures", "data": {"run_id": 6, "fixtures_count": 212}, "timestamp": 1783928511013}
{"sessionId": "ce07cd", "hypothesisId": "H1", "location": "predictor.py:predict_upcoming_start", "message": "predict loop start", "data": {"fixtures_count": 212, "model_version": "v2", "model_name": "logistic_regression"}, "timestamp": 1783928511014}
{"sessionId": "ce07cd", "hypothesisId": "H2", "location": "predictor.py:predict_progress", "message": "fixture batch processed", "data": {"fixture_index": 1, "total": 212, "event_key": 12145521, "has_prob": true}, "timestamp": 1783928627690}
{"sessionId": "ce07cd", "hypothesisId": "H2", "location": "predictor.py:predict_progress", "message": "fixture batch processed", "data": {"fixture_index": 25, "total": 212, "event_key": 12145546, "has_prob": true}, "timestamp": 1783928631616}
{"sessionId": "ce07cd", "hypothesisId": "H2", "location": "predictor.py:predict_progress", "message": "fixture batch processed", "data": {"fixture_index": 50, "total": 212, "event_key": 12145368, "has_prob": true}, "timestamp": 1783928634546}
{"sessionId": "ce07cd", "hypothesisId": "H2", "location": "predictor.py:predict_progress", "message": "fixture batch processed", "data": {"fixture_index": 75, "total": 212, "event_key": 12145584, "has_prob": true}, "timestamp": 1783928637378}
{"sessionId": "ce07cd", "hypothesisId": "H2", "location": "predictor.py:predict_progress", "message": "fixture batch processed", "data": {"fixture_index": 100, "total": 212, "event_key": 12145410, "has_prob": true}, "timestamp": 1783928645552}
{"sessionId": "ce07cd", "hypothesisId": "H2", "location": "predictor.py:predict_progress", "message": "fixture batch processed", "data": {"fixture_index": 125, "total": 212, "event_key": 12145198, "has_prob": true}, "timestamp": 1783928651223}
{"sessionId": "ce07cd", "hypothesisId": "H2", "location": "predictor.py:predict_progress", "message": "fixture batch processed", "data": {"fixture_index": 150, "total": 212, "event_key": 12145402, "has_prob": true}, "timestamp": 1783928654936}
{"sessionId": "ce07cd", "hypothesisId": "H2", "location": "predictor.py:predict_progress", "message": "fixture batch processed", "data": {"fixture_index": 175, "total": 212, "event_key": 12145545, "has_prob": true}, "timestamp": 1783928658451}
{"sessionId": "ce07cd", "hypothesisId": "H2", "location": "predictor.py:predict_progress", "message": "fixture batch processed", "data": {"fixture_index": 200, "total": 212, "event_key": 12145654, "has_prob": true}, "timestamp": 1783928664253}
{"sessionId": "ce07cd", "hypothesisId": "H2", "location": "predictor.py:predict_progress", "message": "fixture batch processed", "data": {"fixture_index": 212, "total": 212, "event_key": 12145414, "has_prob": true}, "timestamp": 1783928665171}
{"sessionId": "ce07cd", "hypothesisId": "H1", "location": "predictor.py:predict_upcoming_end", "message": "predict loop end", "data": {"predictions_count": 212}, "timestamp": 1783928665190}
{"sessionId": "ce07cd", "hypothesisId": "H1", "location": "global_update.py:after_predict", "message": "finished predict_upcoming_fixtures", "data": {"run_id": 6, "predictions_count": 212}, "timestamp": 1783928665912}
{"sessionId": "ce07cd", "hypothesisId": "H2", "location": "global_update.py:before_slips", "message": "starting get_daily_betting_slips", "data": {"run_id": 6}, "timestamp": 1783928665913}
{"sessionId": "ce07cd", "hypothesisId": "H2", "location": "global_update.py:after_slips", "message": "finished get_daily_betting_slips", "data": {"run_id": 6, "slips_count": 5}, "timestamp": 1783928666123}
{"sessionId": "ce07cd", "hypothesisId": "H4", "location": "global_update.py:combo_start", "message": "combo processing start", "data": {"run_id": 6, "combo": "v2/random_forest", "index": 3, "fixtures_count": 212}, "timestamp": 1783928666144}
{"sessionId": "ce07cd", "hypothesisId": "H1", "location": "global_update.py:before_predict", "message": "starting predict_upcoming_fixtures", "data": {"run_id": 6, "fixtures_count": 212}, "timestamp": 1783928666146}
{"sessionId": "ce07cd", "hypothesisId": "H1", "location": "predictor.py:predict_upcoming_start", "message": "predict loop start", "data": {"fixtures_count": 212, "model_version": "v2", "model_name": "random_forest"}, "timestamp": 1783928666147}
{"sessionId": "ce07cd", "hypothesisId": "H2", "location": "predictor.py:predict_progress", "message": "fixture batch processed", "data": {"fixture_index": 1, "total": 212, "event_key": 12145521, "has_prob": true}, "timestamp": 1783928776714}
{"sessionId": "ce07cd", "hypothesisId": "H2", "location": "predictor.py:predict_progress", "message": "fixture batch processed", "data": {"fixture_index": 25, "total": 212, "event_key": 12145546, "has_prob": true}, "timestamp": 1783928780066}
{"sessionId": "ce07cd", "hypothesisId": "H2", "location": "predictor.py:predict_progress", "message": "fixture batch processed", "data": {"fixture_index": 50, "total": 212, "event_key": 12145368, "has_prob": true}, "timestamp": 1783928783659}
{"sessionId": "ce07cd", "hypothesisId": "H2", "location": "predictor.py:predict_progress", "message": "fixture batch processed", "data": {"fixture_index": 75, "total": 212, "event_key": 12145584, "has_prob": true}, "timestamp": 1783928791403}
{"sessionId": "ce07cd", "hypothesisId": "H2", "location": "predictor.py:predict_progress", "message": "fixture batch processed", "data": {"fixture_index": 100, "total": 212, "event_key": 12145410, "has_prob": true}, "timestamp": 1783928795487}
{"sessionId": "ce07cd", "hypothesisId": "H2", "location": "predictor.py:predict_progress", "message": "fixture batch processed", "data": {"fixture_index": 125, "total": 212, "event_key": 12145198, "has_prob": true}, "timestamp": 1783928798983}
{"sessionId": "ce07cd", "hypothesisId": "H2", "location": "predictor.py:predict_progress", "message": "fixture batch processed", "data": {"fixture_index": 150, "total": 212, "event_key": 12145402, "has_prob": true}, "timestamp": 1783928803706}
{"sessionId": "ce07cd", "hypothesisId": "H2", "location": "predictor.py:predict_progress", "message": "fixture batch processed", "data": {"fixture_index": 175, "total": 212, "event_key": 12145545, "has_prob": true}, "timestamp": 1783928807958}
{"sessionId": "ce07cd", "hypothesisId": "H2", "location": "predictor.py:predict_progress", "message": "fixture batch processed", "data": {"fixture_index": 200, "total": 212, "event_key": 12145654, "has_prob": true}, "timestamp": 1783928812731}
{"sessionId": "ce07cd", "hypothesisId": "H2", "location": "predictor.py:predict_progress", "message": "fixture batch processed", "data": {"fixture_index": 212, "total": 212, "event_key": 12145414, "has_prob": true}, "timestamp": 1783928816389}
{"sessionId": "ce07cd", "hypothesisId": "H1", "location": "predictor.py:predict_upcoming_end", "message": "predict loop end", "data": {"predictions_count": 212}, "timestamp": 1783928816410}
{"sessionId": "ce07cd", "hypothesisId": "H1", "location": "global_update.py:after_predict", "message": "finished predict_upcoming_fixtures", "data": {"run_id": 6, "predictions_count": 212}, "timestamp": 1783928818208}
{"sessionId": "ce07cd", "hypothesisId": "H2", "location": "global_update.py:before_slips", "message": "starting get_daily_betting_slips", "data": {"run_id": 6}, "timestamp": 1783928818213}
{"sessionId": "ce07cd", "hypothesisId": "H2", "location": "global_update.py:after_slips", "message": "finished get_daily_betting_slips", "data": {"run_id": 6, "slips_count": 5}, "timestamp": 1783928819329}
{"sessionId": "ce07cd", "hypothesisId": "H4", "location": "global_update.py:combo_start", "message": "combo processing start", "data": {"run_id": 6, "combo": "v3/logistic_regression", "index": 4, "fixtures_count": 212}, "timestamp": 1783928819353}
{"sessionId": "ce07cd", "hypothesisId": "H1", "location": "global_update.py:before_predict", "message": "starting predict_upcoming_fixtures", "data": {"run_id": 6, "fixtures_count": 212}, "timestamp": 1783928819355}
{"sessionId": "ce07cd", "hypothesisId": "H1", "location": "predictor.py:predict_upcoming_start", "message": "predict loop start", "data": {"fixtures_count": 212, "model_version": "v3", "model_name": "logistic_regression"}, "timestamp": 1783928819359}
{"sessionId": "ce07cd", "hypothesisId": "H2", "location": "predictor.py:predict_progress", "message": "fixture batch processed", "data": {"fixture_index": 1, "total": 212, "event_key": 12145521, "has_prob": false}, "timestamp": 1783928932650}
{"sessionId": "ce07cd", "hypothesisId": "H2", "location": "predictor.py:predict_progress", "message": "fixture batch processed", "data": {"fixture_index": 25, "total": 212, "event_key": 12145546, "has_prob": true}, "timestamp": 1783928935087}
{"sessionId": "ce07cd", "hypothesisId": "H2", "location": "predictor.py:predict_progress", "message": "fixture batch processed", "data": {"fixture_index": 50, "total": 212, "event_key": 12145368, "has_prob": true}, "timestamp": 1783928939790}
{"sessionId": "ce07cd", "hypothesisId": "H2", "location": "predictor.py:predict_progress", "message": "fixture batch processed", "data": {"fixture_index": 75, "total": 212, "event_key": 12145584, "has_prob": true}, "timestamp": 1783928950098}
{"sessionId": "ce07cd", "hypothesisId": "H2", "location": "predictor.py:predict_progress", "message": "fixture batch processed", "data": {"fixture_index": 100, "total": 212, "event_key": 12145410, "has_prob": true}, "timestamp": 1783928953491}
{"sessionId": "ce07cd", "hypothesisId": "H2", "location": "predictor.py:predict_progress", "message": "fixture batch processed", "data": {"fixture_index": 125, "total": 212, "event_key": 12145198, "has_prob": true}, "timestamp": 1783928956652}
{"sessionId": "ce07cd", "hypothesisId": "H2", "location": "predictor.py:predict_progress", "message": "fixture batch processed", "data": {"fixture_index": 150, "total": 212, "event_key": 12145402, "has_prob": true}, "timestamp": 1783928959559}
{"sessionId": "ce07cd", "hypothesisId": "H2", "location": "predictor.py:predict_progress", "message": "fixture batch processed", "data": {"fixture_index": 175, "total": 212, "event_key": 12145545, "has_prob": false}, "timestamp": 1783928962196}
{"sessionId": "ce07cd", "hypothesisId": "H2", "location": "predictor.py:predict_progress", "message": "fixture batch processed", "data": {"fixture_index": 200, "total": 212, "event_key": 12145654, "has_prob": true}, "timestamp": 1783928964459}
{"sessionId": "ce07cd", "hypothesisId": "H2", "location": "predictor.py:predict_progress", "message": "fixture batch processed", "data": {"fixture_index": 212, "total": 212, "event_key": 12145414, "has_prob": false}, "timestamp": 1783928966261}
{"sessionId": "ce07cd", "hypothesisId": "H1", "location": "predictor.py:predict_upcoming_end", "message": "predict loop end", "data": {"predictions_count": 212}, "timestamp": 1783928966275}
{"sessionId": "ce07cd", "hypothesisId": "H1", "location": "global_update.py:after_predict", "message": "finished predict_upcoming_fixtures", "data": {"run_id": 6, "predictions_count": 212}, "timestamp": 1783928967430}
{"sessionId": "ce07cd", "hypothesisId": "H2", "location": "global_update.py:before_slips", "message": "starting get_daily_betting_slips", "data": {"run_id": 6}, "timestamp": 1783928967431}
{"sessionId": "ce07cd", "hypothesisId": "H2", "location": "global_update.py:after_slips", "message": "finished get_daily_betting_slips", "data": {"run_id": 6, "slips_count": 4}, "timestamp": 1783928968620}
{"sessionId": "ce07cd", "hypothesisId": "H4", "location": "global_update.py:combo_start", "message": "combo processing start", "data": {"run_id": 6, "combo": "v3/random_forest", "index": 5, "fixtures_count": 212}, "timestamp": 1783928968652}
{"sessionId": "ce07cd", "hypothesisId": "H1", "location": "global_update.py:before_predict", "message": "starting predict_upcoming_fixtures", "data": {"run_id": 6, "fixtures_count": 212}, "timestamp": 1783928968673}
{"sessionId": "ce07cd", "hypothesisId": "H1", "location": "predictor.py:predict_upcoming_start", "message": "predict loop start", "data": {"fixtures_count": 212, "model_version": "v3", "model_name": "random_forest"}, "timestamp": 1783928968692}
{"sessionId": "ce07cd", "hypothesisId": "H2", "location": "predictor.py:predict_progress", "message": "fixture batch processed", "data": {"fixture_index": 1, "total": 212, "event_key": 12145521, "has_prob": false}, "timestamp": 1783929075796}
{"sessionId": "ce07cd", "hypothesisId": "H2", "location": "predictor.py:predict_progress", "message": "fixture batch processed", "data": {"fixture_index": 25, "total": 212, "event_key": 12145546, "has_prob": true}, "timestamp": 1783929079224}
{"sessionId": "ce07cd", "hypothesisId": "H2", "location": "predictor.py:predict_progress", "message": "fixture batch processed", "data": {"fixture_index": 50, "total": 212, "event_key": 12145368, "has_prob": true}, "timestamp": 1783929082939}
{"sessionId": "ce07cd", "hypothesisId": "H2", "location": "predictor.py:predict_progress", "message": "fixture batch processed", "data": {"fixture_index": 75, "total": 212, "event_key": 12145584, "has_prob": true}, "timestamp": 1783929087279}
{"sessionId": "ce07cd", "hypothesisId": "H2", "location": "predictor.py:predict_progress", "message": "fixture batch processed", "data": {"fixture_index": 100, "total": 212, "event_key": 12145410, "has_prob": true}, "timestamp": 1783929090767}
{"sessionId": "ce07cd", "hypothesisId": "H2", "location": "predictor.py:predict_progress", "message": "fixture batch processed", "data": {"fixture_index": 125, "total": 212, "event_key": 12145198, "has_prob": true}, "timestamp": 1783929094067}
{"sessionId": "ce07cd", "hypothesisId": "H2", "location": "predictor.py:predict_progress", "message": "fixture batch processed", "data": {"fixture_index": 150, "total": 212, "event_key": 12145402, "has_prob": true}, "timestamp": 1783929098632}
{"sessionId": "ce07cd", "hypothesisId": "H2", "location": "predictor.py:predict_progress", "message": "fixture batch processed", "data": {"fixture_index": 175, "total": 212, "event_key": 12145545, "has_prob": false}, "timestamp": 1783929103115}
{"sessionId": "ce07cd", "hypothesisId": "H2", "location": "predictor.py:predict_progress", "message": "fixture batch processed", "data": {"fixture_index": 200, "total": 212, "event_key": 12145654, "has_prob": true}, "timestamp": 1783929106156}
{"sessionId": "ce07cd", "hypothesisId": "H2", "location": "predictor.py:predict_progress", "message": "fixture batch processed", "data": {"fixture_index": 212, "total": 212, "event_key": 12145414, "has_prob": false}, "timestamp": 1783929106892}
{"sessionId": "ce07cd", "hypothesisId": "H1", "location": "predictor.py:predict_upcoming_end", "message": "predict loop end", "data": {"predictions_count": 212}, "timestamp": 1783929106911}
{"sessionId": "ce07cd", "hypothesisId": "H1", "location": "global_update.py:after_predict", "message": "finished predict_upcoming_fixtures", "data": {"run_id": 6, "predictions_count": 212}, "timestamp": 1783929107525}
{"sessionId": "ce07cd", "hypothesisId": "H2", "location": "global_update.py:before_slips", "message": "starting get_daily_betting_slips", "data": {"run_id": 6}, "timestamp": 1783929107528}
{"sessionId": "ce07cd", "hypothesisId": "H2", "location": "global_update.py:after_slips", "message": "finished get_daily_betting_slips", "data": {"run_id": 6, "slips_count": 4}, "timestamp": 1783929107699}
{"sessionId": "ce07cd", "hypothesisId": "H4", "location": "global_update.py:combo_start", "message": "combo processing start", "data": {"run_id": 7, "combo": "v1/logistic_regression", "index": 0, "fixtures_count": 366}, "timestamp": 1784015330123}
{"sessionId": "ce07cd", "hypothesisId": "H1", "location": "global_update.py:before_predict", "message": "starting predict_upcoming_fixtures", "data": {"run_id": 7, "fixtures_count": 366}, "timestamp": 1784015330126}
{"sessionId": "ce07cd", "hypothesisId": "H1", "location": "predictor.py:predict_upcoming_start", "message": "predict loop start", "data": {"fixtures_count": 366, "model_version": "v1", "model_name": "logistic_regression"}, "timestamp": 1784015330129}
{"sessionId": "ce07cd", "hypothesisId": "H2", "location": "predictor.py:predict_progress", "message": "fixture batch processed", "data": {"fixture_index": 1, "total": 366, "event_key": 12145689, "has_prob": true}, "timestamp": 1784015352978}
{"sessionId": "ce07cd", "hypothesisId": "H2", "location": "predictor.py:predict_progress", "message": "fixture batch processed", "data": {"fixture_index": 25, "total": 366, "event_key": 12145388, "has_prob": true}, "timestamp": 1784015355103}
{"sessionId": "ce07cd", "hypothesisId": "H2", "location": "predictor.py:predict_progress", "message": "fixture batch processed", "data": {"fixture_index": 50, "total": 366, "event_key": 12145468, "has_prob": true}, "timestamp": 1784015357876}
{"sessionId": "ce07cd", "hypothesisId": "H2", "location": "predictor.py:predict_progress", "message": "fixture batch processed", "data": {"fixture_index": 75, "total": 366, "event_key": 12145539, "has_prob": true}, "timestamp": 1784015360778}
{"sessionId": "ce07cd", "hypothesisId": "H2", "location": "predictor.py:predict_progress", "message": "fixture batch processed", "data": {"fixture_index": 100, "total": 366, "event_key": 12145740, "has_prob": true}, "timestamp": 1784015362642}
{"sessionId": "ce07cd", "hypothesisId": "H2", "location": "predictor.py:predict_progress", "message": "fixture batch processed", "data": {"fixture_index": 125, "total": 366, "event_key": 12145386, "has_prob": true}, "timestamp": 1784015365883}
{"sessionId": "ce07cd", "hypothesisId": "H2", "location": "predictor.py:predict_progress", "message": "fixture batch processed", "data": {"fixture_index": 150, "total": 366, "event_key": 12145816, "has_prob": true}, "timestamp": 1784015367334}
{"sessionId": "ce07cd", "hypothesisId": "H2", "location": "predictor.py:predict_progress", "message": "fixture batch processed", "data": {"fixture_index": 175, "total": 366, "event_key": 12145747, "has_prob": true}, "timestamp": 1784015370812}
{"sessionId": "ce07cd", "hypothesisId": "H2", "location": "predictor.py:predict_progress", "message": "fixture batch processed", "data": {"fixture_index": 200, "total": 366, "event_key": 12146015, "has_prob": true}, "timestamp": 1784015374790}
{"sessionId": "ce07cd", "hypothesisId": "H2", "location": "predictor.py:predict_progress", "message": "fixture batch processed", "data": {"fixture_index": 225, "total": 366, "event_key": 12145617, "has_prob": true}, "timestamp": 1784015376188}
{"sessionId": "ce07cd", "hypothesisId": "H2", "location": "predictor.py:predict_progress", "message": "fixture batch processed", "data": {"fixture_index": 250, "total": 366, "event_key": 12146119, "has_prob": true}, "timestamp": 1784015378174}
{"sessionId": "ce07cd", "hypothesisId": "H2", "location": "predictor.py:predict_progress", "message": "fixture batch processed", "data": {"fixture_index": 275, "total": 366, "event_key": 12145653, "has_prob": true}, "timestamp": 1784015379589}
{"sessionId": "ce07cd", "hypothesisId": "H2", "location": "predictor.py:predict_progress", "message": "fixture batch processed", "data": {"fixture_index": 300, "total": 366, "event_key": 12145935, "has_prob": true}, "timestamp": 1784015381550}
{"sessionId": "ce07cd", "hypothesisId": "H2", "location": "predictor.py:predict_progress", "message": "fixture batch processed", "data": {"fixture_index": 325, "total": 366, "event_key": 12146048, "has_prob": true}, "timestamp": 1784015383142}
{"sessionId": "ce07cd", "hypothesisId": "H2", "location": "predictor.py:predict_progress", "message": "fixture batch processed", "data": {"fixture_index": 350, "total": 366, "event_key": 12146103, "has_prob": true}, "timestamp": 1784015386641}
{"sessionId": "ce07cd", "hypothesisId": "H2", "location": "predictor.py:predict_progress", "message": "fixture batch processed", "data": {"fixture_index": 366, "total": 366, "event_key": 12146126, "has_prob": true}, "timestamp": 1784015387695}
{"sessionId": "ce07cd", "hypothesisId": "H1", "location": "predictor.py:predict_upcoming_end", "message": "predict loop end", "data": {"predictions_count": 366}, "timestamp": 1784015387717}
{"sessionId": "ce07cd", "hypothesisId": "H1", "location": "global_update.py:after_predict", "message": "finished predict_upcoming_fixtures", "data": {"run_id": 7, "predictions_count": 366}, "timestamp": 1784015388710}
{"sessionId": "ce07cd", "hypothesisId": "H2", "location": "global_update.py:before_slips", "message": "starting get_daily_betting_slips", "data": {"run_id": 7}, "timestamp": 1784015388719}
{"sessionId": "ce07cd", "hypothesisId": "H2", "location": "global_update.py:after_slips", "message": "finished get_daily_betting_slips", "data": {"run_id": 7, "slips_count": 5}, "timestamp": 1784015391546}
{"sessionId": "ce07cd", "hypothesisId": "H4", "location": "global_update.py:combo_start", "message": "combo processing start", "data": {"run_id": 7, "combo": "v1/random_forest", "index": 1, "fixtures_count": 366}, "timestamp": 1784015391570}
{"sessionId": "ce07cd", "hypothesisId": "H1", "location": "global_update.py:before_predict", "message": "starting predict_upcoming_fixtures", "data": {"run_id": 7, "fixtures_count": 366}, "timestamp": 1784015391571}
{"sessionId": "ce07cd", "hypothesisId": "H1", "location": "predictor.py:predict_upcoming_start", "message": "predict loop start", "data": {"fixtures_count": 366, "model_version": "v1", "model_name": "random_forest"}, "timestamp": 1784015391573}
{"sessionId": "ce07cd", "hypothesisId": "H2", "location": "predictor.py:predict_progress", "message": "fixture batch processed", "data": {"fixture_index": 1, "total": 366, "event_key": 12145689, "has_prob": true}, "timestamp": 1784015406150}
{"sessionId": "ce07cd", "hypothesisId": "H2", "location": "predictor.py:predict_progress", "message": "fixture batch processed", "data": {"fixture_index": 25, "total": 366, "event_key": 12145388, "has_prob": true}, "timestamp": 1784015410745}
{"sessionId": "ce07cd", "hypothesisId": "H2", "location": "predictor.py:predict_progress", "message": "fixture batch processed", "data": {"fixture_index": 50, "total": 366, "event_key": 12145468, "has_prob": true}, "timestamp": 1784015414051}
{"sessionId": "ce07cd", "hypothesisId": "H2", "location": "predictor.py:predict_progress", "message": "fixture batch processed", "data": {"fixture_index": 75, "total": 366, "event_key": 12145539, "has_prob": true}, "timestamp": 1784015417602}
{"sessionId": "ce07cd", "hypothesisId": "H2", "location": "predictor.py:predict_progress", "message": "fixture batch processed", "data": {"fixture_index": 100, "total": 366, "event_key": 12145740, "has_prob": true}, "timestamp": 1784015420690}
{"sessionId": "ce07cd", "hypothesisId": "H2", "location": "predictor.py:predict_progress", "message": "fixture batch processed", "data": {"fixture_index": 125, "total": 366, "event_key": 12145386, "has_prob": true}, "timestamp": 1784015423980}
{"sessionId": "ce07cd", "hypothesisId": "H2", "location": "predictor.py:predict_progress", "message": "fixture batch processed", "data": {"fixture_index": 150, "total": 366, "event_key": 12145816, "has_prob": true}, "timestamp": 1784015427399}
{"sessionId": "ce07cd", "hypothesisId": "H2", "location": "predictor.py:predict_progress", "message": "fixture batch processed", "data": {"fixture_index": 175, "total": 366, "event_key": 12145747, "has_prob": true}, "timestamp": 1784015430351}
{"sessionId": "ce07cd", "hypothesisId": "H2", "location": "predictor.py:predict_progress", "message": "fixture batch processed", "data": {"fixture_index": 200, "total": 366, "event_key": 12146015, "has_prob": true}, "timestamp": 1784015433493}
{"sessionId": "ce07cd", "hypothesisId": "H2", "location": "predictor.py:predict_progress", "message": "fixture batch processed", "data": {"fixture_index": 225, "total": 366, "event_key": 12145617, "has_prob": true}, "timestamp": 1784015436720}
{"sessionId": "ce07cd", "hypothesisId": "H2", "location": "predictor.py:predict_progress", "message": "fixture batch processed", "data": {"fixture_index": 250, "total": 366, "event_key": 12146119, "has_prob": true}, "timestamp": 1784015440681}
{"sessionId": "ce07cd", "hypothesisId": "H2", "location": "predictor.py:predict_progress", "message": "fixture batch processed", "data": {"fixture_index": 275, "total": 366, "event_key": 12145653, "has_prob": true}, "timestamp": 1784015446502}
{"sessionId": "ce07cd", "hypothesisId": "H2", "location": "predictor.py:predict_progress", "message": "fixture batch processed", "data": {"fixture_index": 300, "total": 366, "event_key": 12145935, "has_prob": true}, "timestamp": 1784015451375}
{"sessionId": "ce07cd", "hypothesisId": "H2", "location": "predictor.py:predict_progress", "message": "fixture batch processed", "data": {"fixture_index": 325, "total": 366, "event_key": 12146048, "has_prob": true}, "timestamp": 1784015454442}
{"sessionId": "ce07cd", "hypothesisId": "H2", "location": "predictor.py:predict_progress", "message": "fixture batch processed", "data": {"fixture_index": 350, "total": 366, "event_key": 12146103, "has_prob": true}, "timestamp": 1784015457761}
{"sessionId": "ce07cd", "hypothesisId": "H2", "location": "predictor.py:predict_progress", "message": "fixture batch processed", "data": {"fixture_index": 366, "total": 366, "event_key": 12146126, "has_prob": true}, "timestamp": 1784015460180}
{"sessionId": "ce07cd", "hypothesisId": "H1", "location": "predictor.py:predict_upcoming_end", "message": "predict loop end", "data": {"predictions_count": 366}, "timestamp": 1784015460209}
{"sessionId": "ce07cd", "hypothesisId": "H1", "location": "global_update.py:after_predict", "message": "finished predict_upcoming_fixtures", "data": {"run_id": 7, "predictions_count": 366}, "timestamp": 1784015461154}
{"sessionId": "ce07cd", "hypothesisId": "H2", "location": "global_update.py:before_slips", "message": "starting get_daily_betting_slips", "data": {"run_id": 7}, "timestamp": 1784015461159}
{"sessionId": "ce07cd", "hypothesisId": "H2", "location": "global_update.py:after_slips", "message": "finished get_daily_betting_slips", "data": {"run_id": 7, "slips_count": 5}, "timestamp": 1784015461506}
{"sessionId": "ce07cd", "hypothesisId": "H4", "location": "global_update.py:combo_start", "message": "combo processing start", "data": {"run_id": 7, "combo": "v2/logistic_regression", "index": 2, "fixtures_count": 366}, "timestamp": 1784015461529}
{"sessionId": "ce07cd", "hypothesisId": "H1", "location": "global_update.py:before_predict", "message": "starting predict_upcoming_fixtures", "data": {"run_id": 7, "fixtures_count": 366}, "timestamp": 1784015461532}
{"sessionId": "ce07cd", "hypothesisId": "H1", "location": "predictor.py:predict_upcoming_start", "message": "predict loop start", "data": {"fixtures_count": 366, "model_version": "v2", "model_name": "logistic_regression"}, "timestamp": 1784015461533}
{"sessionId": "ce07cd", "hypothesisId": "H2", "location": "predictor.py:predict_progress", "message": "fixture batch processed", "data": {"fixture_index": 1, "total": 366, "event_key": 12145689, "has_prob": true}, "timestamp": 1784015643981}
{"sessionId": "ce07cd", "hypothesisId": "H2", "location": "predictor.py:predict_progress", "message": "fixture batch processed", "data": {"fixture_index": 25, "total": 366, "event_key": 12145388, "has_prob": true}, "timestamp": 1784015649257}
{"sessionId": "ce07cd", "hypothesisId": "H2", "location": "predictor.py:predict_progress", "message": "fixture batch processed", "data": {"fixture_index": 50, "total": 366, "event_key": 12145468, "has_prob": true}, "timestamp": 1784015654269}
{"sessionId": "ce07cd", "hypothesisId": "H2", "location": "predictor.py:predict_progress", "message": "fixture batch processed", "data": {"fixture_index": 75, "total": 366, "event_key": 12145539, "has_prob": true}, "timestamp": 1784015657879}
{"sessionId": "ce07cd", "hypothesisId": "H2", "location": "predictor.py:predict_progress", "message": "fixture batch processed", "data": {"fixture_index": 100, "total": 366, "event_key": 12145740, "has_prob": true}, "timestamp": 1784015663426}
{"sessionId": "ce07cd", "hypothesisId": "H2", "location": "predictor.py:predict_progress", "message": "fixture batch processed", "data": {"fixture_index": 125, "total": 366, "event_key": 12145386, "has_prob": true}, "timestamp": 1784015668137}
{"sessionId": "ce07cd", "hypothesisId": "H2", "location": "predictor.py:predict_progress", "message": "fixture batch processed", "data": {"fixture_index": 150, "total": 366, "event_key": 12145816, "has_prob": true}, "timestamp": 1784015673644}
{"sessionId": "ce07cd", "hypothesisId": "H2", "location": "predictor.py:predict_progress", "message": "fixture batch processed", "data": {"fixture_index": 175, "total": 366, "event_key": 12145747, "has_prob": true}, "timestamp": 1784015681361}
{"sessionId": "ce07cd", "hypothesisId": "H2", "location": "predictor.py:predict_progress", "message": "fixture batch processed", "data": {"fixture_index": 200, "total": 366, "event_key": 12146015, "has_prob": true}, "timestamp": 1784015685171}
{"sessionId": "ce07cd", "hypothesisId": "H2", "location": "predictor.py:predict_progress", "message": "fixture batch processed", "data": {"fixture_index": 225, "total": 366, "event_key": 12145617, "has_prob": true}, "timestamp": 1784015688761}
{"sessionId": "ce07cd", "hypothesisId": "H2", "location": "predictor.py:predict_progress", "message": "fixture batch processed", "data": {"fixture_index": 250, "total": 366, "event_key": 12146119, "has_prob": true}, "timestamp": 1784015693951}
{"sessionId": "ce07cd", "hypothesisId": "H2", "location": "predictor.py:predict_progress", "message": "fixture batch processed", "data": {"fixture_index": 275, "total": 366, "event_key": 12145653, "has_prob": true}, "timestamp": 1784015697077}
{"sessionId": "ce07cd", "hypothesisId": "H2", "location": "predictor.py:predict_progress", "message": "fixture batch processed", "data": {"fixture_index": 300, "total": 366, "event_key": 12145935, "has_prob": true}, "timestamp": 1784015699192}
{"sessionId": "ce07cd", "hypothesisId": "H2", "location": "predictor.py:predict_progress", "message": "fixture batch processed", "data": {"fixture_index": 325, "total": 366, "event_key": 12146048, "has_prob": true}, "timestamp": 1784015707031}
{"sessionId": "ce07cd", "hypothesisId": "H2", "location": "predictor.py:predict_progress", "message": "fixture batch processed", "data": {"fixture_index": 350, "total": 366, "event_key": 12146103, "has_prob": true}, "timestamp": 1784015709568}
{"sessionId": "ce07cd", "hypothesisId": "H2", "location": "predictor.py:predict_progress", "message": "fixture batch processed", "data": {"fixture_index": 366, "total": 366, "event_key": 12146126, "has_prob": true}, "timestamp": 1784015712947}
{"sessionId": "ce07cd", "hypothesisId": "H1", "location": "predictor.py:predict_upcoming_end", "message": "predict loop end", "data": {"predictions_count": 366}, "timestamp": 1784015712998}
{"sessionId": "ce07cd", "hypothesisId": "H1", "location": "global_update.py:after_predict", "message": "finished predict_upcoming_fixtures", "data": {"run_id": 7, "predictions_count": 366}, "timestamp": 1784015713982}
{"sessionId": "ce07cd", "hypothesisId": "H2", "location": "global_update.py:before_slips", "message": "starting get_daily_betting_slips", "data": {"run_id": 7}, "timestamp": 1784015713985}
{"sessionId": "ce07cd", "hypothesisId": "H2", "location": "global_update.py:after_slips", "message": "finished get_daily_betting_slips", "data": {"run_id": 7, "slips_count": 5}, "timestamp": 1784015715037}
{"sessionId": "ce07cd", "hypothesisId": "H4", "location": "global_update.py:combo_start", "message": "combo processing start", "data": {"run_id": 7, "combo": "v2/random_forest", "index": 3, "fixtures_count": 366}, "timestamp": 1784015715124}
{"sessionId": "ce07cd", "hypothesisId": "H1", "location": "global_update.py:before_predict", "message": "starting predict_upcoming_fixtures", "data": {"run_id": 7, "fixtures_count": 366}, "timestamp": 1784015715127}
{"sessionId": "ce07cd", "hypothesisId": "H1", "location": "predictor.py:predict_upcoming_start", "message": "predict loop start", "data": {"fixtures_count": 366, "model_version": "v2", "model_name": "random_forest"}, "timestamp": 1784015715132}
{"sessionId": "ce07cd", "hypothesisId": "H2", "location": "predictor.py:predict_progress", "message": "fixture batch processed", "data": {"fixture_index": 1, "total": 366, "event_key": 12145689, "has_prob": true}, "timestamp": 1784015866839}
{"sessionId": "ce07cd", "hypothesisId": "H2", "location": "predictor.py:predict_progress", "message": "fixture batch processed", "data": {"fixture_index": 25, "total": 366, "event_key": 12145388, "has_prob": true}, "timestamp": 1784015873347}
{"sessionId": "ce07cd", "hypothesisId": "H2", "location": "predictor.py:predict_progress", "message": "fixture batch processed", "data": {"fixture_index": 50, "total": 366, "event_key": 12145468, "has_prob": true}, "timestamp": 1784015879670}
{"sessionId": "ce07cd", "hypothesisId": "H2", "location": "predictor.py:predict_progress", "message": "fixture batch processed", "data": {"fixture_index": 75, "total": 366, "event_key": 12145539, "has_prob": true}, "timestamp": 1784015886514}
{"sessionId": "ce07cd", "hypothesisId": "H2", "location": "predictor.py:predict_progress", "message": "fixture batch processed", "data": {"fixture_index": 100, "total": 366, "event_key": 12145740, "has_prob": true}, "timestamp": 1784015892549}
{"sessionId": "ce07cd", "hypothesisId": "H2", "location": "predictor.py:predict_progress", "message": "fixture batch processed", "data": {"fixture_index": 125, "total": 366, "event_key": 12145386, "has_prob": true}, "timestamp": 1784015897619}
{"sessionId": "ce07cd", "hypothesisId": "H2", "location": "predictor.py:predict_progress", "message": "fixture batch processed", "data": {"fixture_index": 150, "total": 366, "event_key": 12145816, "has_prob": true}, "timestamp": 1784015903933}
{"sessionId": "ce07cd", "hypothesisId": "H2", "location": "predictor.py:predict_progress", "message": "fixture batch processed", "data": {"fixture_index": 175, "total": 366, "event_key": 12145747, "has_prob": true}, "timestamp": 1784015907874}
{"sessionId": "ce07cd", "hypothesisId": "H2", "location": "predictor.py:predict_progress", "message": "fixture batch processed", "data": {"fixture_index": 200, "total": 366, "event_key": 12146015, "has_prob": true}, "timestamp": 1784015913450}
{"sessionId": "ce07cd", "hypothesisId": "H2", "location": "predictor.py:predict_progress", "message": "fixture batch processed", "data": {"fixture_index": 225, "total": 366, "event_key": 12145617, "has_prob": true}, "timestamp": 1784015920499}
{"sessionId": "ce07cd", "hypothesisId": "H2", "location": "predictor.py:predict_progress", "message": "fixture batch processed", "data": {"fixture_index": 250, "total": 366, "event_key": 12146119, "has_prob": true}, "timestamp": 1784015924355}
{"sessionId": "ce07cd", "hypothesisId": "H2", "location": "predictor.py:predict_progress", "message": "fixture batch processed", "data": {"fixture_index": 275, "total": 366, "event_key": 12145653, "has_prob": true}, "timestamp": 1784015936010}
{"sessionId": "ce07cd", "hypothesisId": "H2", "location": "predictor.py:predict_progress", "message": "fixture batch processed", "data": {"fixture_index": 300, "total": 366, "event_key": 12145935, "has_prob": true}, "timestamp": 1784015941538}
{"sessionId": "ce07cd", "hypothesisId": "H2", "location": "predictor.py:predict_progress", "message": "fixture batch processed", "data": {"fixture_index": 325, "total": 366, "event_key": 12146048, "has_prob": true}, "timestamp": 1784015945718}
{"sessionId": "ce07cd", "hypothesisId": "H2", "location": "predictor.py:predict_progress", "message": "fixture batch processed", "data": {"fixture_index": 350, "total": 366, "event_key": 12146103, "has_prob": true}, "timestamp": 1784015951812}
{"sessionId": "ce07cd", "hypothesisId": "H2", "location": "predictor.py:predict_progress", "message": "fixture batch processed", "data": {"fixture_index": 366, "total": 366, "event_key": 12146126, "has_prob": true}, "timestamp": 1784015955027}
{"sessionId": "ce07cd", "hypothesisId": "H1", "location": "predictor.py:predict_upcoming_end", "message": "predict loop end", "data": {"predictions_count": 366}, "timestamp": 1784015955052}
{"sessionId": "ce07cd", "hypothesisId": "H1", "location": "global_update.py:after_predict", "message": "finished predict_upcoming_fixtures", "data": {"run_id": 7, "predictions_count": 366}, "timestamp": 1784015955705}
{"sessionId": "ce07cd", "hypothesisId": "H2", "location": "global_update.py:before_slips", "message": "starting get_daily_betting_slips", "data": {"run_id": 7}, "timestamp": 1784015955707}
{"sessionId": "ce07cd", "hypothesisId": "H2", "location": "global_update.py:after_slips", "message": "finished get_daily_betting_slips", "data": {"run_id": 7, "slips_count": 5}, "timestamp": 1784015956005}
{"sessionId": "ce07cd", "hypothesisId": "H4", "location": "global_update.py:combo_start", "message": "combo processing start", "data": {"run_id": 7, "combo": "v3/logistic_regression", "index": 4, "fixtures_count": 366}, "timestamp": 1784015956029}
{"sessionId": "ce07cd", "hypothesisId": "H1", "location": "global_update.py:before_predict", "message": "starting predict_upcoming_fixtures", "data": {"run_id": 7, "fixtures_count": 366}, "timestamp": 1784015956030}
{"sessionId": "ce07cd", "hypothesisId": "H1", "location": "predictor.py:predict_upcoming_start", "message": "predict loop start", "data": {"fixtures_count": 366, "model_version": "v3", "model_name": "logistic_regression"}, "timestamp": 1784015956032}
{"sessionId": "ce07cd", "hypothesisId": "H2", "location": "predictor.py:predict_progress", "message": "fixture batch processed", "data": {"fixture_index": 1, "total": 366, "event_key": 12145689, "has_prob": true}, "timestamp": 1784016087393}
{"sessionId": "ce07cd", "hypothesisId": "H2", "location": "predictor.py:predict_progress", "message": "fixture batch processed", "data": {"fixture_index": 25, "total": 366, "event_key": 12145388, "has_prob": true}, "timestamp": 1784016092193}
{"sessionId": "ce07cd", "hypothesisId": "H2", "location": "predictor.py:predict_progress", "message": "fixture batch processed", "data": {"fixture_index": 50, "total": 366, "event_key": 12145468, "has_prob": true}, "timestamp": 1784016094257}
{"sessionId": "ce07cd", "hypothesisId": "H2", "location": "predictor.py:predict_progress", "message": "fixture batch processed", "data": {"fixture_index": 75, "total": 366, "event_key": 12145539, "has_prob": true}, "timestamp": 1784016099750}
{"sessionId": "ce07cd", "hypothesisId": "H2", "location": "predictor.py:predict_progress", "message": "fixture batch processed", "data": {"fixture_index": 100, "total": 366, "event_key": 12145740, "has_prob": true}, "timestamp": 1784016102189}
{"sessionId": "ce07cd", "hypothesisId": "H2", "location": "predictor.py:predict_progress", "message": "fixture batch processed", "data": {"fixture_index": 125, "total": 366, "event_key": 12145386, "has_prob": true}, "timestamp": 1784016103845}
{"sessionId": "ce07cd", "hypothesisId": "H2", "location": "predictor.py:predict_progress", "message": "fixture batch processed", "data": {"fixture_index": 150, "total": 366, "event_key": 12145816, "has_prob": false}, "timestamp": 1784016110162}
{"sessionId": "ce07cd", "hypothesisId": "H2", "location": "predictor.py:predict_progress", "message": "fixture batch processed", "data": {"fixture_index": 175, "total": 366, "event_key": 12145747, "has_prob": true}, "timestamp": 1784016114860}
{"sessionId": "ce07cd", "hypothesisId": "H2", "location": "predictor.py:predict_progress", "message": "fixture batch processed", "data": {"fixture_index": 200, "total": 366, "event_key": 12146015, "has_prob": false}, "timestamp": 1784016119706}
{"sessionId": "ce07cd", "hypothesisId": "H2", "location": "predictor.py:predict_progress", "message": "fixture batch processed", "data": {"fixture_index": 225, "total": 366, "event_key": 12145617, "has_prob": true}, "timestamp": 1784016125832}
{"sessionId": "ce07cd", "hypothesisId": "H2", "location": "predictor.py:predict_progress", "message": "fixture batch processed", "data": {"fixture_index": 250, "total": 366, "event_key": 12146119, "has_prob": false}, "timestamp": 1784016132469}
{"sessionId": "ce07cd", "hypothesisId": "H2", "location": "predictor.py:predict_progress", "message": "fixture batch processed", "data": {"fixture_index": 275, "total": 366, "event_key": 12145653, "has_prob": false}, "timestamp": 1784016137272}
{"sessionId": "ce07cd", "hypothesisId": "H2", "location": "predictor.py:predict_progress", "message": "fixture batch processed", "data": {"fixture_index": 300, "total": 366, "event_key": 12145935, "has_prob": true}, "timestamp": 1784016138792}
{"sessionId": "ce07cd", "hypothesisId": "H2", "location": "predictor.py:predict_progress", "message": "fixture batch processed", "data": {"fixture_index": 325, "total": 366, "event_key": 12146048, "has_prob": true}, "timestamp": 1784016143430}
{"sessionId": "ce07cd", "hypothesisId": "H2", "location": "predictor.py:predict_progress", "message": "fixture batch processed", "data": {"fixture_index": 350, "total": 366, "event_key": 12146103, "has_prob": false}, "timestamp": 1784016145056}
{"sessionId": "ce07cd", "hypothesisId": "H2", "location": "predictor.py:predict_progress", "message": "fixture batch processed", "data": {"fixture_index": 366, "total": 366, "event_key": 12146126, "has_prob": false}, "timestamp": 1784016145245}
{"sessionId": "ce07cd", "hypothesisId": "H1", "location": "predictor.py:predict_upcoming_end", "message": "predict loop end", "data": {"predictions_count": 366}, "timestamp": 1784016145255}
{"sessionId": "ce07cd", "hypothesisId": "H1", "location": "global_update.py:after_predict", "message": "finished predict_upcoming_fixtures", "data": {"run_id": 7, "predictions_count": 366}, "timestamp": 1784016145868}
{"sessionId": "ce07cd", "hypothesisId": "H2", "location": "global_update.py:before_slips", "message": "starting get_daily_betting_slips", "data": {"run_id": 7}, "timestamp": 1784016145869}
{"sessionId": "ce07cd", "hypothesisId": "H2", "location": "global_update.py:after_slips", "message": "finished get_daily_betting_slips", "data": {"run_id": 7, "slips_count": 5}, "timestamp": 1784016146167}
{"sessionId": "ce07cd", "hypothesisId": "H4", "location": "global_update.py:combo_start", "message": "combo processing start", "data": {"run_id": 7, "combo": "v3/random_forest", "index": 5, "fixtures_count": 366}, "timestamp": 1784016146199}
{"sessionId": "ce07cd", "hypothesisId": "H1", "location": "global_update.py:before_predict", "message": "starting predict_upcoming_fixtures", "data": {"run_id": 7, "fixtures_count": 366}, "timestamp": 1784016146201}
{"sessionId": "ce07cd", "hypothesisId": "H1", "location": "predictor.py:predict_upcoming_start", "message": "predict loop start", "data": {"fixtures_count": 366, "model_version": "v3", "model_name": "random_forest"}, "timestamp": 1784016146202}
{"sessionId": "ce07cd", "hypothesisId": "H2", "location": "predictor.py:predict_progress", "message": "fixture batch processed", "data": {"fixture_index": 1, "total": 366, "event_key": 12145689, "has_prob": true}, "timestamp": 1784016273043}
{"sessionId": "ce07cd", "hypothesisId": "H2", "location": "predictor.py:predict_progress", "message": "fixture batch processed", "data": {"fixture_index": 25, "total": 366, "event_key": 12145388, "has_prob": true}, "timestamp": 1784016278263}
{"sessionId": "ce07cd", "hypothesisId": "H2", "location": "predictor.py:predict_progress", "message": "fixture batch processed", "data": {"fixture_index": 50, "total": 366, "event_key": 12145468, "has_prob": true}, "timestamp": 1784016281989}
{"sessionId": "ce07cd", "hypothesisId": "H2", "location": "predictor.py:predict_progress", "message": "fixture batch processed", "data": {"fixture_index": 75, "total": 366, "event_key": 12145539, "has_prob": true}, "timestamp": 1784016286012}
{"sessionId": "ce07cd", "hypothesisId": "H2", "location": "predictor.py:predict_progress", "message": "fixture batch processed", "data": {"fixture_index": 100, "total": 366, "event_key": 12145740, "has_prob": true}, "timestamp": 1784016291370}
{"sessionId": "ce07cd", "hypothesisId": "H2", "location": "predictor.py:predict_progress", "message": "fixture batch processed", "data": {"fixture_index": 125, "total": 366, "event_key": 12145386, "has_prob": true}, "timestamp": 1784016294621}
{"sessionId": "ce07cd", "hypothesisId": "H2", "location": "predictor.py:predict_progress", "message": "fixture batch processed", "data": {"fixture_index": 150, "total": 366, "event_key": 12145816, "has_prob": false}, "timestamp": 1784016297792}
{"sessionId": "ce07cd", "hypothesisId": "H2", "location": "predictor.py:predict_progress", "message": "fixture batch processed", "data": {"fixture_index": 175, "total": 366, "event_key": 12145747, "has_prob": true}, "timestamp": 1784016304639}
{"sessionId": "ce07cd", "hypothesisId": "H2", "location": "predictor.py:predict_progress", "message": "fixture batch processed", "data": {"fixture_index": 200, "total": 366, "event_key": 12146015, "has_prob": false}, "timestamp": 1784016308655}
{"sessionId": "ce07cd", "hypothesisId": "H2", "location": "predictor.py:predict_progress", "message": "fixture batch processed", "data": {"fixture_index": 225, "total": 366, "event_key": 12145617, "has_prob": true}, "timestamp": 1784016314337}
{"sessionId": "ce07cd", "hypothesisId": "H2", "location": "predictor.py:predict_progress", "message": "fixture batch processed", "data": {"fixture_index": 250, "total": 366, "event_key": 12146119, "has_prob": false}, "timestamp": 1784016322105}
{"sessionId": "ce07cd", "hypothesisId": "H2", "location": "predictor.py:predict_progress", "message": "fixture batch processed", "data": {"fixture_index": 275, "total": 366, "event_key": 12145653, "has_prob": false}, "timestamp": 1784016325160}
{"sessionId": "ce07cd", "hypothesisId": "H2", "location": "predictor.py:predict_progress", "message": "fixture batch processed", "data": {"fixture_index": 300, "total": 366, "event_key": 12145935, "has_prob": true}, "timestamp": 1784016328569}
{"sessionId": "ce07cd", "hypothesisId": "H2", "location": "predictor.py:predict_progress", "message": "fixture batch processed", "data": {"fixture_index": 325, "total": 366, "event_key": 12146048, "has_prob": true}, "timestamp": 1784016331940}
{"sessionId": "ce07cd", "hypothesisId": "H2", "location": "predictor.py:predict_progress", "message": "fixture batch processed", "data": {"fixture_index": 350, "total": 366, "event_key": 12146103, "has_prob": false}, "timestamp": 1784016337176}
{"sessionId": "ce07cd", "hypothesisId": "H2", "location": "predictor.py:predict_progress", "message": "fixture batch processed", "data": {"fixture_index": 366, "total": 366, "event_key": 12146126, "has_prob": false}, "timestamp": 1784016337455}
{"sessionId": "ce07cd", "hypothesisId": "H1", "location": "predictor.py:predict_upcoming_end", "message": "predict loop end", "data": {"predictions_count": 366}, "timestamp": 1784016337467}
{"sessionId": "ce07cd", "hypothesisId": "H1", "location": "global_update.py:after_predict", "message": "finished predict_upcoming_fixtures", "data": {"run_id": 7, "predictions_count": 366}, "timestamp": 1784016338168}
{"sessionId": "ce07cd", "hypothesisId": "H2", "location": "global_update.py:before_slips", "message": "starting get_daily_betting_slips", "data": {"run_id": 7}, "timestamp": 1784016338173}
{"sessionId": "ce07cd", "hypothesisId": "H2", "location": "global_update.py:after_slips", "message": "finished get_daily_betting_slips", "data": {"run_id": 7, "slips_count": 4}, "timestamp": 1784016338575}
{"sessionId": "ce07cd", "hypothesisId": "H4", "location": "global_update.py:combo_start", "message": "combo processing start", "data": {"run_id": 8, "combo": "v1/logistic_regression", "index": 0, "fixtures_count": 92}, "timestamp": 1784103736435}
{"sessionId": "ce07cd", "hypothesisId": "H1", "location": "global_update.py:before_predict", "message": "starting predict_upcoming_fixtures", "data": {"run_id": 8, "fixtures_count": 92}, "timestamp": 1784103736437}
{"sessionId": "ce07cd", "hypothesisId": "H1", "location": "predictor.py:predict_upcoming_start", "message": "predict loop start", "data": {"fixtures_count": 92, "model_version": "v1", "model_name": "logistic_regression"}, "timestamp": 1784103736439}
{"sessionId": "ce07cd", "hypothesisId": "H2", "location": "predictor.py:predict_progress", "message": "fixture batch processed", "data": {"fixture_index": 1, "total": 92, "event_key": 12145653, "has_prob": true}, "timestamp": 1784103748831}
{"sessionId": "ce07cd", "hypothesisId": "H2", "location": "predictor.py:predict_progress", "message": "fixture batch processed", "data": {"fixture_index": 25, "total": 92, "event_key": 12145934, "has_prob": true}, "timestamp": 1784103750294}
{"sessionId": "ce07cd", "hypothesisId": "H2", "location": "predictor.py:predict_progress", "message": "fixture batch processed", "data": {"fixture_index": 50, "total": 92, "event_key": 12145994, "has_prob": true}, "timestamp": 1784103751813}
{"sessionId": "ce07cd", "hypothesisId": "H2", "location": "predictor.py:predict_progress", "message": "fixture batch processed", "data": {"fixture_index": 75, "total": 92, "event_key": 12145655, "has_prob": true}, "timestamp": 1784103753238}
{"sessionId": "ce07cd", "hypothesisId": "H2", "location": "predictor.py:predict_progress", "message": "fixture batch processed", "data": {"fixture_index": 92, "total": 92, "event_key": 12146126, "has_prob": true}, "timestamp": 1784103754224}
{"sessionId": "ce07cd", "hypothesisId": "H1", "location": "predictor.py:predict_upcoming_end", "message": "predict loop end", "data": {"predictions_count": 92}, "timestamp": 1784103754240}
{"sessionId": "ce07cd", "hypothesisId": "H1", "location": "global_update.py:after_predict", "message": "finished predict_upcoming_fixtures", "data": {"run_id": 8, "predictions_count": 92}, "timestamp": 1784103754597}
{"sessionId": "ce07cd", "hypothesisId": "H2", "location": "global_update.py:before_slips", "message": "starting get_daily_betting_slips", "data": {"run_id": 8}, "timestamp": 1784103754601}
{"sessionId": "ce07cd", "hypothesisId": "H2", "location": "global_update.py:after_slips", "message": "finished get_daily_betting_slips", "data": {"run_id": 8, "slips_count": 5}, "timestamp": 1784103754743}
{"sessionId": "ce07cd", "hypothesisId": "H4", "location": "global_update.py:combo_start", "message": "combo processing start", "data": {"run_id": 8, "combo": "v1/random_forest", "index": 1, "fixtures_count": 92}, "timestamp": 1784103754765}
{"sessionId": "ce07cd", "hypothesisId": "H1", "location": "global_update.py:before_predict", "message": "starting predict_upcoming_fixtures", "data": {"run_id": 8, "fixtures_count": 92}, "timestamp": 1784103754766}
{"sessionId": "ce07cd", "hypothesisId": "H1", "location": "predictor.py:predict_upcoming_start", "message": "predict loop start", "data": {"fixtures_count": 92, "model_version": "v1", "model_name": "random_forest"}, "timestamp": 1784103754768}
{"sessionId": "ce07cd", "hypothesisId": "H2", "location": "predictor.py:predict_progress", "message": "fixture batch processed", "data": {"fixture_index": 1, "total": 92, "event_key": 12145653, "has_prob": true}, "timestamp": 1784103765647}
{"sessionId": "ce07cd", "hypothesisId": "H2", "location": "predictor.py:predict_progress", "message": "fixture batch processed", "data": {"fixture_index": 25, "total": 92, "event_key": 12145934, "has_prob": true}, "timestamp": 1784103768004}
{"sessionId": "ce07cd", "hypothesisId": "H2", "location": "predictor.py:predict_progress", "message": "fixture batch processed", "data": {"fixture_index": 50, "total": 92, "event_key": 12145994, "has_prob": true}, "timestamp": 1784103770489}
{"sessionId": "ce07cd", "hypothesisId": "H2", "location": "predictor.py:predict_progress", "message": "fixture batch processed", "data": {"fixture_index": 75, "total": 92, "event_key": 12145655, "has_prob": true}, "timestamp": 1784103773103}
{"sessionId": "ce07cd", "hypothesisId": "H2", "location": "predictor.py:predict_progress", "message": "fixture batch processed", "data": {"fixture_index": 92, "total": 92, "event_key": 12146126, "has_prob": true}, "timestamp": 1784103774914}
{"sessionId": "ce07cd", "hypothesisId": "H1", "location": "predictor.py:predict_upcoming_end", "message": "predict loop end", "data": {"predictions_count": 92}, "timestamp": 1784103774931}
{"sessionId": "ce07cd", "hypothesisId": "H1", "location": "global_update.py:after_predict", "message": "finished predict_upcoming_fixtures", "data": {"run_id": 8, "predictions_count": 92}, "timestamp": 1784103775301}
{"sessionId": "ce07cd", "hypothesisId": "H2", "location": "global_update.py:before_slips", "message": "starting get_daily_betting_slips", "data": {"run_id": 8}, "timestamp": 1784103775303}
{"sessionId": "ce07cd", "hypothesisId": "H2", "location": "global_update.py:after_slips", "message": "finished get_daily_betting_slips", "data": {"run_id": 8, "slips_count": 5}, "timestamp": 1784103775420}
{"sessionId": "ce07cd", "hypothesisId": "H4", "location": "global_update.py:combo_start", "message": "combo processing start", "data": {"run_id": 8, "combo": "v2/logistic_regression", "index": 2, "fixtures_count": 92}, "timestamp": 1784103775438}
{"sessionId": "ce07cd", "hypothesisId": "H1", "location": "global_update.py:before_predict", "message": "starting predict_upcoming_fixtures", "data": {"run_id": 8, "fixtures_count": 92}, "timestamp": 1784103775440}
{"sessionId": "ce07cd", "hypothesisId": "H1", "location": "predictor.py:predict_upcoming_start", "message": "predict loop start", "data": {"fixtures_count": 92, "model_version": "v2", "model_name": "logistic_regression"}, "timestamp": 1784103775441}
{"sessionId": "ce07cd", "hypothesisId": "H2", "location": "predictor.py:predict_progress", "message": "fixture batch processed", "data": {"fixture_index": 1, "total": 92, "event_key": 12145653, "has_prob": true}, "timestamp": 1784103878027}
{"sessionId": "ce07cd", "hypothesisId": "H2", "location": "predictor.py:predict_progress", "message": "fixture batch processed", "data": {"fixture_index": 25, "total": 92, "event_key": 12145934, "has_prob": true}, "timestamp": 1784103879495}
{"sessionId": "ce07cd", "hypothesisId": "H2", "location": "predictor.py:predict_progress", "message": "fixture batch processed", "data": {"fixture_index": 50, "total": 92, "event_key": 12145994, "has_prob": true}, "timestamp": 1784103881048}
{"sessionId": "ce07cd", "hypothesisId": "H2", "location": "predictor.py:predict_progress", "message": "fixture batch processed", "data": {"fixture_index": 75, "total": 92, "event_key": 12145655, "has_prob": true}, "timestamp": 1784103882645}
{"sessionId": "ce07cd", "hypothesisId": "H2", "location": "predictor.py:predict_progress", "message": "fixture batch processed", "data": {"fixture_index": 92, "total": 92, "event_key": 12146126, "has_prob": true}, "timestamp": 1784103883742}
{"sessionId": "ce07cd", "hypothesisId": "H1", "location": "predictor.py:predict_upcoming_end", "message": "predict loop end", "data": {"predictions_count": 92}, "timestamp": 1784103883760}
{"sessionId": "ce07cd", "hypothesisId": "H1", "location": "global_update.py:after_predict", "message": "finished predict_upcoming_fixtures", "data": {"run_id": 8, "predictions_count": 92}, "timestamp": 1784103884397}
{"sessionId": "ce07cd", "hypothesisId": "H2", "location": "global_update.py:before_slips", "message": "starting get_daily_betting_slips", "data": {"run_id": 8}, "timestamp": 1784103884400}
{"sessionId": "ce07cd", "hypothesisId": "H2", "location": "global_update.py:after_slips", "message": "finished get_daily_betting_slips", "data": {"run_id": 8, "slips_count": 5}, "timestamp": 1784103884545}
{"sessionId": "ce07cd", "hypothesisId": "H4", "location": "global_update.py:combo_start", "message": "combo processing start", "data": {"run_id": 8, "combo": "v2/random_forest", "index": 3, "fixtures_count": 92}, "timestamp": 1784103884565}
{"sessionId": "ce07cd", "hypothesisId": "H1", "location": "global_update.py:before_predict", "message": "starting predict_upcoming_fixtures", "data": {"run_id": 8, "fixtures_count": 92}, "timestamp": 1784103884566}
{"sessionId": "ce07cd", "hypothesisId": "H1", "location": "predictor.py:predict_upcoming_start", "message": "predict loop start", "data": {"fixtures_count": 92, "model_version": "v2", "model_name": "random_forest"}, "timestamp": 1784103884568}
{"sessionId": "ce07cd", "hypothesisId": "H2", "location": "predictor.py:predict_progress", "message": "fixture batch processed", "data": {"fixture_index": 1, "total": 92, "event_key": 12145653, "has_prob": true}, "timestamp": 1784103987330}
{"sessionId": "ce07cd", "hypothesisId": "H2", "location": "predictor.py:predict_progress", "message": "fixture batch processed", "data": {"fixture_index": 25, "total": 92, "event_key": 12145934, "has_prob": true}, "timestamp": 1784103989912}
{"sessionId": "ce07cd", "hypothesisId": "H2", "location": "predictor.py:predict_progress", "message": "fixture batch processed", "data": {"fixture_index": 50, "total": 92, "event_key": 12145994, "has_prob": true}, "timestamp": 1784103992537}
{"sessionId": "ce07cd", "hypothesisId": "H2", "location": "predictor.py:predict_progress", "message": "fixture batch processed", "data": {"fixture_index": 75, "total": 92, "event_key": 12145655, "has_prob": true}, "timestamp": 1784103995077}
{"sessionId": "ce07cd", "hypothesisId": "H2", "location": "predictor.py:predict_progress", "message": "fixture batch processed", "data": {"fixture_index": 92, "total": 92, "event_key": 12146126, "has_prob": true}, "timestamp": 1784103996795}
{"sessionId": "ce07cd", "hypothesisId": "H1", "location": "predictor.py:predict_upcoming_end", "message": "predict loop end", "data": {"predictions_count": 92}, "timestamp": 1784103996811}
{"sessionId": "ce07cd", "hypothesisId": "H1", "location": "global_update.py:after_predict", "message": "finished predict_upcoming_fixtures", "data": {"run_id": 8, "predictions_count": 92}, "timestamp": 1784103997426}
{"sessionId": "ce07cd", "hypothesisId": "H2", "location": "global_update.py:before_slips", "message": "starting get_daily_betting_slips", "data": {"run_id": 8}, "timestamp": 1784103997428}
{"sessionId": "ce07cd", "hypothesisId": "H2", "location": "global_update.py:after_slips", "message": "finished get_daily_betting_slips", "data": {"run_id": 8, "slips_count": 5}, "timestamp": 1784103997575}
{"sessionId": "ce07cd", "hypothesisId": "H4", "location": "global_update.py:combo_start", "message": "combo processing start", "data": {"run_id": 8, "combo": "v3/logistic_regression", "index": 4, "fixtures_count": 92}, "timestamp": 1784103997594}
{"sessionId": "ce07cd", "hypothesisId": "H1", "location": "global_update.py:before_predict", "message": "starting predict_upcoming_fixtures", "data": {"run_id": 8, "fixtures_count": 92}, "timestamp": 1784103997596}
{"sessionId": "ce07cd", "hypothesisId": "H1", "location": "predictor.py:predict_upcoming_start", "message": "predict loop start", "data": {"fixtures_count": 92, "model_version": "v3", "model_name": "logistic_regression"}, "timestamp": 1784103997597}
{"sessionId": "ce07cd", "hypothesisId": "H2", "location": "predictor.py:predict_progress", "message": "fixture batch processed", "data": {"fixture_index": 1, "total": 92, "event_key": 12145653, "has_prob": false}, "timestamp": 1784104098053}
{"sessionId": "ce07cd", "hypothesisId": "H2", "location": "predictor.py:predict_progress", "message": "fixture batch processed", "data": {"fixture_index": 25, "total": 92, "event_key": 12145934, "has_prob": true}, "timestamp": 1784104099435}
{"sessionId": "ce07cd", "hypothesisId": "H2", "location": "predictor.py:predict_progress", "message": "fixture batch processed", "data": {"fixture_index": 50, "total": 92, "event_key": 12145994, "has_prob": true}, "timestamp": 1784104100892}
{"sessionId": "ce07cd", "hypothesisId": "H2", "location": "predictor.py:predict_progress", "message": "fixture batch processed", "data": {"fixture_index": 75, "total": 92, "event_key": 12145655, "has_prob": true}, "timestamp": 1784104102513}
{"sessionId": "ce07cd", "hypothesisId": "H2", "location": "predictor.py:predict_progress", "message": "fixture batch processed", "data": {"fixture_index": 92, "total": 92, "event_key": 12146126, "has_prob": false}, "timestamp": 1784104102697}
{"sessionId": "ce07cd", "hypothesisId": "H1", "location": "predictor.py:predict_upcoming_end", "message": "predict loop end", "data": {"predictions_count": 92}, "timestamp": 1784104102703}
{"sessionId": "ce07cd", "hypothesisId": "H1", "location": "global_update.py:after_predict", "message": "finished predict_upcoming_fixtures", "data": {"run_id": 8, "predictions_count": 92}, "timestamp": 1784104103306}
{"sessionId": "ce07cd", "hypothesisId": "H2", "location": "global_update.py:before_slips", "message": "starting get_daily_betting_slips", "data": {"run_id": 8}, "timestamp": 1784104103308}
{"sessionId": "ce07cd", "hypothesisId": "H2", "location": "global_update.py:after_slips", "message": "finished get_daily_betting_slips", "data": {"run_id": 8, "slips_count": 4}, "timestamp": 1784104103425}
{"sessionId": "ce07cd", "hypothesisId": "H4", "location": "global_update.py:combo_start", "message": "combo processing start", "data": {"run_id": 8, "combo": "v3/random_forest", "index": 5, "fixtures_count": 92}, "timestamp": 1784104103452}
{"sessionId": "ce07cd", "hypothesisId": "H1", "location": "global_update.py:before_predict", "message": "starting predict_upcoming_fixtures", "data": {"run_id": 8, "fixtures_count": 92}, "timestamp": 1784104103454}
{"sessionId": "ce07cd", "hypothesisId": "H1", "location": "predictor.py:predict_upcoming_start", "message": "predict loop start", "data": {"fixtures_count": 92, "model_version": "v3", "model_name": "random_forest"}, "timestamp": 1784104103456}
{"sessionId": "ce07cd", "hypothesisId": "H2", "location": "predictor.py:predict_progress", "message": "fixture batch processed", "data": {"fixture_index": 1, "total": 92, "event_key": 12145653, "has_prob": false}, "timestamp": 1784104206044}
{"sessionId": "ce07cd", "hypothesisId": "H2", "location": "predictor.py:predict_progress", "message": "fixture batch processed", "data": {"fixture_index": 25, "total": 92, "event_key": 12145934, "has_prob": true}, "timestamp": 1784104208318}
{"sessionId": "ce07cd", "hypothesisId": "H2", "location": "predictor.py:predict_progress", "message": "fixture batch processed", "data": {"fixture_index": 50, "total": 92, "event_key": 12145994, "has_prob": true}, "timestamp": 1784104210602}
{"sessionId": "ce07cd", "hypothesisId": "H2", "location": "predictor.py:predict_progress", "message": "fixture batch processed", "data": {"fixture_index": 75, "total": 92, "event_key": 12145655, "has_prob": true}, "timestamp": 1784104213080}
{"sessionId": "ce07cd", "hypothesisId": "H2", "location": "predictor.py:predict_progress", "message": "fixture batch processed", "data": {"fixture_index": 92, "total": 92, "event_key": 12146126, "has_prob": false}, "timestamp": 1784104213342}
{"sessionId": "ce07cd", "hypothesisId": "H1", "location": "predictor.py:predict_upcoming_end", "message": "predict loop end", "data": {"predictions_count": 92}, "timestamp": 1784104213348}
{"sessionId": "ce07cd", "hypothesisId": "H1", "location": "global_update.py:after_predict", "message": "finished predict_upcoming_fixtures", "data": {"run_id": 8, "predictions_count": 92}, "timestamp": 1784104213961}
{"sessionId": "ce07cd", "hypothesisId": "H2", "location": "global_update.py:before_slips", "message": "starting get_daily_betting_slips", "data": {"run_id": 8}, "timestamp": 1784104213963}
{"sessionId": "ce07cd", "hypothesisId": "H2", "location": "global_update.py:after_slips", "message": "finished get_daily_betting_slips", "data": {"run_id": 8, "slips_count": 0}, "timestamp": 1784104214023}
{"sessionId": "ce07cd", "hypothesisId": "H4", "location": "global_update.py:combo_start", "message": "combo processing start", "data": {"run_id": 9, "combo": "v1/logistic_regression", "index": 0, "fixtures_count": 92}, "timestamp": 1784104490034}
{"sessionId": "ce07cd", "hypothesisId": "H1", "location": "global_update.py:before_predict", "message": "starting predict_upcoming_fixtures", "data": {"run_id": 9, "fixtures_count": 92}, "timestamp": 1784104490036}
{"sessionId": "ce07cd", "hypothesisId": "H1", "location": "predictor.py:predict_upcoming_start", "message": "predict loop start", "data": {"fixtures_count": 92, "model_version": "v1", "model_name": "logistic_regression"}, "timestamp": 1784104490037}
{"sessionId": "ce07cd", "hypothesisId": "H2", "location": "predictor.py:predict_progress", "message": "fixture batch processed", "data": {"fixture_index": 1, "total": 92, "event_key": 12145653, "has_prob": true}, "timestamp": 1784104501547}
{"sessionId": "ce07cd", "hypothesisId": "H2", "location": "predictor.py:predict_progress", "message": "fixture batch processed", "data": {"fixture_index": 25, "total": 92, "event_key": 12145934, "has_prob": true}, "timestamp": 1784104503303}
{"sessionId": "ce07cd", "hypothesisId": "H2", "location": "predictor.py:predict_progress", "message": "fixture batch processed", "data": {"fixture_index": 50, "total": 92, "event_key": 12145994, "has_prob": true}, "timestamp": 1784104505366}
{"sessionId": "ce07cd", "hypothesisId": "H2", "location": "predictor.py:predict_progress", "message": "fixture batch processed", "data": {"fixture_index": 75, "total": 92, "event_key": 12145655, "has_prob": true}, "timestamp": 1784104506852}
{"sessionId": "ce07cd", "hypothesisId": "H2", "location": "predictor.py:predict_progress", "message": "fixture batch processed", "data": {"fixture_index": 92, "total": 92, "event_key": 12146126, "has_prob": true}, "timestamp": 1784104507866}
{"sessionId": "ce07cd", "hypothesisId": "H1", "location": "predictor.py:predict_upcoming_end", "message": "predict loop end", "data": {"predictions_count": 92}, "timestamp": 1784104507882}
{"sessionId": "ce07cd", "hypothesisId": "H1", "location": "global_update.py:after_predict", "message": "finished predict_upcoming_fixtures", "data": {"run_id": 9, "predictions_count": 92}, "timestamp": 1784104508228}
{"sessionId": "ce07cd", "hypothesisId": "H2", "location": "global_update.py:before_slips", "message": "starting get_daily_betting_slips", "data": {"run_id": 9}, "timestamp": 1784104508231}
{"sessionId": "ce07cd", "hypothesisId": "H2", "location": "global_update.py:after_slips", "message": "finished get_daily_betting_slips", "data": {"run_id": 9, "slips_count": 5}, "timestamp": 1784104508349}
{"sessionId": "ce07cd", "hypothesisId": "H4", "location": "global_update.py:combo_start", "message": "combo processing start", "data": {"run_id": 9, "combo": "v1/random_forest", "index": 1, "fixtures_count": 92}, "timestamp": 1784104508365}
{"sessionId": "ce07cd", "hypothesisId": "H1", "location": "global_update.py:before_predict", "message": "starting predict_upcoming_fixtures", "data": {"run_id": 9, "fixtures_count": 92}, "timestamp": 1784104508367}
{"sessionId": "ce07cd", "hypothesisId": "H1", "location": "predictor.py:predict_upcoming_start", "message": "predict loop start", "data": {"fixtures_count": 92, "model_version": "v1", "model_name": "random_forest"}, "timestamp": 1784104508369}
{"sessionId": "ce07cd", "hypothesisId": "H2", "location": "predictor.py:predict_progress", "message": "fixture batch processed", "data": {"fixture_index": 1, "total": 92, "event_key": 12145653, "has_prob": true}, "timestamp": 1784104518940}
{"sessionId": "ce07cd", "hypothesisId": "H2", "location": "predictor.py:predict_progress", "message": "fixture batch processed", "data": {"fixture_index": 25, "total": 92, "event_key": 12145934, "has_prob": true}, "timestamp": 1784104521218}
{"sessionId": "ce07cd", "hypothesisId": "H2", "location": "predictor.py:predict_progress", "message": "fixture batch processed", "data": {"fixture_index": 50, "total": 92, "event_key": 12145994, "has_prob": true}, "timestamp": 1784104523475}
{"sessionId": "ce07cd", "hypothesisId": "H2", "location": "predictor.py:predict_progress", "message": "fixture batch processed", "data": {"fixture_index": 75, "total": 92, "event_key": 12145655, "has_prob": true}, "timestamp": 1784104525837}
{"sessionId": "ce07cd", "hypothesisId": "H2", "location": "predictor.py:predict_progress", "message": "fixture batch processed", "data": {"fixture_index": 92, "total": 92, "event_key": 12146126, "has_prob": true}, "timestamp": 1784104527638}
{"sessionId": "ce07cd", "hypothesisId": "H1", "location": "predictor.py:predict_upcoming_end", "message": "predict loop end", "data": {"predictions_count": 92}, "timestamp": 1784104527649}
{"sessionId": "ce07cd", "hypothesisId": "H1", "location": "global_update.py:after_predict", "message": "finished predict_upcoming_fixtures", "data": {"run_id": 9, "predictions_count": 92}, "timestamp": 1784104527980}
{"sessionId": "ce07cd", "hypothesisId": "H2", "location": "global_update.py:before_slips", "message": "starting get_daily_betting_slips", "data": {"run_id": 9}, "timestamp": 1784104527982}
{"sessionId": "ce07cd", "hypothesisId": "H2", "location": "global_update.py:after_slips", "message": "finished get_daily_betting_slips", "data": {"run_id": 9, "slips_count": 5}, "timestamp": 1784104528122}
{"sessionId": "ce07cd", "hypothesisId": "H4", "location": "global_update.py:combo_start", "message": "combo processing start", "data": {"run_id": 9, "combo": "v2/logistic_regression", "index": 2, "fixtures_count": 92}, "timestamp": 1784104528138}
{"sessionId": "ce07cd", "hypothesisId": "H1", "location": "global_update.py:before_predict", "message": "starting predict_upcoming_fixtures", "data": {"run_id": 9, "fixtures_count": 92}, "timestamp": 1784104528139}
{"sessionId": "ce07cd", "hypothesisId": "H1", "location": "predictor.py:predict_upcoming_start", "message": "predict loop start", "data": {"fixtures_count": 92, "model_version": "v2", "model_name": "logistic_regression"}, "timestamp": 1784104528141}
{"sessionId": "ce07cd", "hypothesisId": "H2", "location": "predictor.py:predict_progress", "message": "fixture batch processed", "data": {"fixture_index": 1, "total": 92, "event_key": 12145653, "has_prob": true}, "timestamp": 1784104635329}
{"sessionId": "ce07cd", "hypothesisId": "H2", "location": "predictor.py:predict_progress", "message": "fixture batch processed", "data": {"fixture_index": 25, "total": 92, "event_key": 12145934, "has_prob": true}, "timestamp": 1784104636970}
{"sessionId": "ce07cd", "hypothesisId": "H2", "location": "predictor.py:predict_progress", "message": "fixture batch processed", "data": {"fixture_index": 50, "total": 92, "event_key": 12145994, "has_prob": true}, "timestamp": 1784104638656}
{"sessionId": "ce07cd", "hypothesisId": "H2", "location": "predictor.py:predict_progress", "message": "fixture batch processed", "data": {"fixture_index": 75, "total": 92, "event_key": 12145655, "has_prob": true}, "timestamp": 1784104640308}
{"sessionId": "ce07cd", "hypothesisId": "H2", "location": "predictor.py:predict_progress", "message": "fixture batch processed", "data": {"fixture_index": 92, "total": 92, "event_key": 12146126, "has_prob": true}, "timestamp": 1784104641730}
{"sessionId": "ce07cd", "hypothesisId": "H1", "location": "predictor.py:predict_upcoming_end", "message": "predict loop end", "data": {"predictions_count": 92}, "timestamp": 1784104641742}
{"sessionId": "ce07cd", "hypothesisId": "H1", "location": "global_update.py:after_predict", "message": "finished predict_upcoming_fixtures", "data": {"run_id": 9, "predictions_count": 92}, "timestamp": 1784104642374}
{"sessionId": "ce07cd", "hypothesisId": "H2", "location": "global_update.py:before_slips", "message": "starting get_daily_betting_slips", "data": {"run_id": 9}, "timestamp": 1784104642376}
{"sessionId": "ce07cd", "hypothesisId": "H2", "location": "global_update.py:after_slips", "message": "finished get_daily_betting_slips", "data": {"run_id": 9, "slips_count": 5}, "timestamp": 1784104642527}
{"sessionId": "ce07cd", "hypothesisId": "H4", "location": "global_update.py:combo_start", "message": "combo processing start", "data": {"run_id": 9, "combo": "v2/random_forest", "index": 3, "fixtures_count": 92}, "timestamp": 1784104642548}
{"sessionId": "ce07cd", "hypothesisId": "H1", "location": "global_update.py:before_predict", "message": "starting predict_upcoming_fixtures", "data": {"run_id": 9, "fixtures_count": 92}, "timestamp": 1784104642550}
{"sessionId": "ce07cd", "hypothesisId": "H1", "location": "predictor.py:predict_upcoming_start", "message": "predict loop start", "data": {"fixtures_count": 92, "model_version": "v2", "model_name": "random_forest"}, "timestamp": 1784104642551}
{"sessionId": "ce07cd", "hypothesisId": "H2", "location": "predictor.py:predict_progress", "message": "fixture batch processed", "data": {"fixture_index": 1, "total": 92, "event_key": 12145653, "has_prob": true}, "timestamp": 1784104751270}
{"sessionId": "ce07cd", "hypothesisId": "H2", "location": "predictor.py:predict_progress", "message": "fixture batch processed", "data": {"fixture_index": 25, "total": 92, "event_key": 12145934, "has_prob": true}, "timestamp": 1784104756988}
{"sessionId": "ce07cd", "hypothesisId": "H2", "location": "predictor.py:predict_progress", "message": "fixture batch processed", "data": {"fixture_index": 50, "total": 92, "event_key": 12145994, "has_prob": true}, "timestamp": 1784104760424}
{"sessionId": "ce07cd", "hypothesisId": "H2", "location": "predictor.py:predict_progress", "message": "fixture batch processed", "data": {"fixture_index": 75, "total": 92, "event_key": 12145655, "has_prob": true}, "timestamp": 1784104764228}
{"sessionId": "ce07cd", "hypothesisId": "H2", "location": "predictor.py:predict_progress", "message": "fixture batch processed", "data": {"fixture_index": 92, "total": 92, "event_key": 12146126, "has_prob": true}, "timestamp": 1784104767009}
{"sessionId": "ce07cd", "hypothesisId": "H1", "location": "predictor.py:predict_upcoming_end", "message": "predict loop end", "data": {"predictions_count": 92}, "timestamp": 1784104767028}
{"sessionId": "ce07cd", "hypothesisId": "H1", "location": "global_update.py:after_predict", "message": "finished predict_upcoming_fixtures", "data": {"run_id": 9, "predictions_count": 92}, "timestamp": 1784104767971}
{"sessionId": "ce07cd", "hypothesisId": "H2", "location": "global_update.py:before_slips", "message": "starting get_daily_betting_slips", "data": {"run_id": 9}, "timestamp": 1784104767972}
{"sessionId": "ce07cd", "hypothesisId": "H2", "location": "global_update.py:after_slips", "message": "finished get_daily_betting_slips", "data": {"run_id": 9, "slips_count": 5}, "timestamp": 1784104768221}
{"sessionId": "ce07cd", "hypothesisId": "H4", "location": "global_update.py:combo_start", "message": "combo processing start", "data": {"run_id": 9, "combo": "v3/logistic_regression", "index": 4, "fixtures_count": 92}, "timestamp": 1784104768250}
{"sessionId": "ce07cd", "hypothesisId": "H1", "location": "global_update.py:before_predict", "message": "starting predict_upcoming_fixtures", "data": {"run_id": 9, "fixtures_count": 92}, "timestamp": 1784104768255}
{"sessionId": "ce07cd", "hypothesisId": "H1", "location": "predictor.py:predict_upcoming_start", "message": "predict loop start", "data": {"fixtures_count": 92, "model_version": "v3", "model_name": "logistic_regression"}, "timestamp": 1784104768258}
{"sessionId": "ce07cd", "hypothesisId": "H2", "location": "predictor.py:predict_progress", "message": "fixture batch processed", "data": {"fixture_index": 1, "total": 92, "event_key": 12145653, "has_prob": false}, "timestamp": 1784104884018}
{"sessionId": "ce07cd", "hypothesisId": "H2", "location": "predictor.py:predict_progress", "message": "fixture batch processed", "data": {"fixture_index": 25, "total": 92, "event_key": 12145934, "has_prob": true}, "timestamp": 1784104885679}
{"sessionId": "ce07cd", "hypothesisId": "H2", "location": "predictor.py:predict_progress", "message": "fixture batch processed", "data": {"fixture_index": 50, "total": 92, "event_key": 12145994, "has_prob": true}, "timestamp": 1784104887467}
{"sessionId": "ce07cd", "hypothesisId": "H2", "location": "predictor.py:predict_progress", "message": "fixture batch processed", "data": {"fixture_index": 75, "total": 92, "event_key": 12145655, "has_prob": true}, "timestamp": 1784104889468}
{"sessionId": "ce07cd", "hypothesisId": "H2", "location": "predictor.py:predict_progress", "message": "fixture batch processed", "data": {"fixture_index": 92, "total": 92, "event_key": 12146126, "has_prob": false}, "timestamp": 1784104889672}
{"sessionId": "ce07cd", "hypothesisId": "H1", "location": "predictor.py:predict_upcoming_end", "message": "predict loop end", "data": {"predictions_count": 92}, "timestamp": 1784104889681}
{"sessionId": "ce07cd", "hypothesisId": "H1", "location": "global_update.py:after_predict", "message": "finished predict_upcoming_fixtures", "data": {"run_id": 9, "predictions_count": 92}, "timestamp": 1784104890342}
{"sessionId": "ce07cd", "hypothesisId": "H2", "location": "global_update.py:before_slips", "message": "starting get_daily_betting_slips", "data": {"run_id": 9}, "timestamp": 1784104890344}
{"sessionId": "ce07cd", "hypothesisId": "H2", "location": "global_update.py:after_slips", "message": "finished get_daily_betting_slips", "data": {"run_id": 9, "slips_count": 4}, "timestamp": 1784104890454}
{"sessionId": "ce07cd", "hypothesisId": "H4", "location": "global_update.py:combo_start", "message": "combo processing start", "data": {"run_id": 9, "combo": "v3/random_forest", "index": 5, "fixtures_count": 92}, "timestamp": 1784104890470}
{"sessionId": "ce07cd", "hypothesisId": "H1", "location": "global_update.py:before_predict", "message": "starting predict_upcoming_fixtures", "data": {"run_id": 9, "fixtures_count": 92}, "timestamp": 1784104890471}
{"sessionId": "ce07cd", "hypothesisId": "H1", "location": "predictor.py:predict_upcoming_start", "message": "predict loop start", "data": {"fixtures_count": 92, "model_version": "v3", "model_name": "random_forest"}, "timestamp": 1784104890473}
{"sessionId": "ce07cd", "hypothesisId": "H2", "location": "predictor.py:predict_progress", "message": "fixture batch processed", "data": {"fixture_index": 1, "total": 92, "event_key": 12145653, "has_prob": false}, "timestamp": 1784104998695}
{"sessionId": "ce07cd", "hypothesisId": "H2", "location": "predictor.py:predict_progress", "message": "fixture batch processed", "data": {"fixture_index": 25, "total": 92, "event_key": 12145934, "has_prob": true}, "timestamp": 1784105000797}
{"sessionId": "ce07cd", "hypothesisId": "H2", "location": "predictor.py:predict_progress", "message": "fixture batch processed", "data": {"fixture_index": 50, "total": 92, "event_key": 12145994, "has_prob": true}, "timestamp": 1784105003540}
{"sessionId": "ce07cd", "hypothesisId": "H2", "location": "predictor.py:predict_progress", "message": "fixture batch processed", "data": {"fixture_index": 75, "total": 92, "event_key": 12145655, "has_prob": true}, "timestamp": 1784105005925}
{"sessionId": "ce07cd", "hypothesisId": "H2", "location": "predictor.py:predict_progress", "message": "fixture batch processed", "data": {"fixture_index": 92, "total": 92, "event_key": 12146126, "has_prob": false}, "timestamp": 1784105006187}
{"sessionId": "ce07cd", "hypothesisId": "H1", "location": "predictor.py:predict_upcoming_end", "message": "predict loop end", "data": {"predictions_count": 92}, "timestamp": 1784105006194}
{"sessionId": "ce07cd", "hypothesisId": "H1", "location": "global_update.py:after_predict", "message": "finished predict_upcoming_fixtures", "data": {"run_id": 9, "predictions_count": 92}, "timestamp": 1784105006812}
{"sessionId": "ce07cd", "hypothesisId": "H2", "location": "global_update.py:before_slips", "message": "starting get_daily_betting_slips", "data": {"run_id": 9}, "timestamp": 1784105006813}
{"sessionId": "ce07cd", "hypothesisId": "H2", "location": "global_update.py:after_slips", "message": "finished get_daily_betting_slips", "data": {"run_id": 9, "slips_count": 0}, "timestamp": 1784105006868}
{"sessionId": "ce07cd", "hypothesisId": "H4", "location": "global_update.py:combo_start", "message": "combo processing start", "data": {"run_id": 10, "combo": "v1/logistic_regression", "index": 0, "fixtures_count": 0}, "timestamp": 1784186131466}
{"sessionId": "ce07cd", "hypothesisId": "H2", "location": "global_update.py:before_slips", "message": "starting get_daily_betting_slips", "data": {"run_id": 10}, "timestamp": 1784186131467}
{"sessionId": "ce07cd", "hypothesisId": "H2", "location": "global_update.py:after_slips", "message": "finished get_daily_betting_slips", "data": {"run_id": 10, "slips_count": 0}, "timestamp": 1784186131508}
{"sessionId": "ce07cd", "hypothesisId": "H4", "location": "global_update.py:combo_start", "message": "combo processing start", "data": {"run_id": 10, "combo": "v1/random_forest", "index": 1, "fixtures_count": 0}, "timestamp": 1784186131526}
{"sessionId": "ce07cd", "hypothesisId": "H2", "location": "global_update.py:before_slips", "message": "starting get_daily_betting_slips", "data": {"run_id": 10}, "timestamp": 1784186131528}
{"sessionId": "ce07cd", "hypothesisId": "H2", "location": "global_update.py:after_slips", "message": "finished get_daily_betting_slips", "data": {"run_id": 10, "slips_count": 0}, "timestamp": 1784186131548}
{"sessionId": "ce07cd", "hypothesisId": "H4", "location": "global_update.py:combo_start", "message": "combo processing start", "data": {"run_id": 10, "combo": "v2/logistic_regression", "index": 2, "fixtures_count": 0}, "timestamp": 1784186131564}
{"sessionId": "ce07cd", "hypothesisId": "H2", "location": "global_update.py:before_slips", "message": "starting get_daily_betting_slips", "data": {"run_id": 10}, "timestamp": 1784186131565}
{"sessionId": "ce07cd", "hypothesisId": "H2", "location": "global_update.py:after_slips", "message": "finished get_daily_betting_slips", "data": {"run_id": 10, "slips_count": 0}, "timestamp": 1784186131584}
{"sessionId": "ce07cd", "hypothesisId": "H4", "location": "global_update.py:combo_start", "message": "combo processing start", "data": {"run_id": 10, "combo": "v2/random_forest", "index": 3, "fixtures_count": 0}, "timestamp": 1784186131599}
{"sessionId": "ce07cd", "hypothesisId": "H2", "location": "global_update.py:before_slips", "message": "starting get_daily_betting_slips", "data": {"run_id": 10}, "timestamp": 1784186131600}
{"sessionId": "ce07cd", "hypothesisId": "H2", "location": "global_update.py:after_slips", "message": "finished get_daily_betting_slips", "data": {"run_id": 10, "slips_count": 0}, "timestamp": 1784186131620}
{"sessionId": "ce07cd", "hypothesisId": "H4", "location": "global_update.py:combo_start", "message": "combo processing start", "data": {"run_id": 10, "combo": "v3/logistic_regression", "index": 4, "fixtures_count": 0}, "timestamp": 1784186131636}
{"sessionId": "ce07cd", "hypothesisId": "H2", "location": "global_update.py:before_slips", "message": "starting get_daily_betting_slips", "data": {"run_id": 10}, "timestamp": 1784186131649}
{"sessionId": "ce07cd", "hypothesisId": "H2", "location": "global_update.py:after_slips", "message": "finished get_daily_betting_slips", "data": {"run_id": 10, "slips_count": 0}, "timestamp": 1784186131705}
{"sessionId": "ce07cd", "hypothesisId": "H4", "location": "global_update.py:combo_start", "message": "combo processing start", "data": {"run_id": 10, "combo": "v3/random_forest", "index": 5, "fixtures_count": 0}, "timestamp": 1784186131742}
{"sessionId": "ce07cd", "hypothesisId": "H2", "location": "global_update.py:before_slips", "message": "starting get_daily_betting_slips", "data": {"run_id": 10}, "timestamp": 1784186131744}
{"sessionId": "ce07cd", "hypothesisId": "H2", "location": "global_update.py:after_slips", "message": "finished get_daily_betting_slips", "data": {"run_id": 10, "slips_count": 0}, "timestamp": 1784186131775}
{"sessionId": "ce07cd", "hypothesisId": "H4", "location": "global_update.py:combo_start", "message": "combo processing start", "data": {"run_id": 11, "combo": "v1/logistic_regression", "index": 0, "fixtures_count": 0}, "timestamp": 1784275814553}
{"sessionId": "ce07cd", "hypothesisId": "H2", "location": "global_update.py:before_slips", "message": "starting get_daily_betting_slips", "data": {"run_id": 11}, "timestamp": 1784275814554}
{"sessionId": "ce07cd", "hypothesisId": "H2", "location": "global_update.py:after_slips", "message": "finished get_daily_betting_slips", "data": {"run_id": 11, "slips_count": 0}, "timestamp": 1784275814577}
{"sessionId": "ce07cd", "hypothesisId": "H4", "location": "global_update.py:combo_start", "message": "combo processing start", "data": {"run_id": 11, "combo": "v1/random_forest", "index": 1, "fixtures_count": 0}, "timestamp": 1784275814593}
{"sessionId": "ce07cd", "hypothesisId": "H2", "location": "global_update.py:before_slips", "message": "starting get_daily_betting_slips", "data": {"run_id": 11}, "timestamp": 1784275814596}
{"sessionId": "ce07cd", "hypothesisId": "H2", "location": "global_update.py:after_slips", "message": "finished get_daily_betting_slips", "data": {"run_id": 11, "slips_count": 0}, "timestamp": 1784275814614}
{"sessionId": "ce07cd", "hypothesisId": "H4", "location": "global_update.py:combo_start", "message": "combo processing start", "data": {"run_id": 11, "combo": "v2/logistic_regression", "index": 2, "fixtures_count": 0}, "timestamp": 1784275814630}
{"sessionId": "ce07cd", "hypothesisId": "H2", "location": "global_update.py:before_slips", "message": "starting get_daily_betting_slips", "data": {"run_id": 11}, "timestamp": 1784275814633}
{"sessionId": "ce07cd", "hypothesisId": "H2", "location": "global_update.py:after_slips", "message": "finished get_daily_betting_slips", "data": {"run_id": 11, "slips_count": 0}, "timestamp": 1784275814718}
{"sessionId": "ce07cd", "hypothesisId": "H4", "location": "global_update.py:combo_start", "message": "combo processing start", "data": {"run_id": 11, "combo": "v2/random_forest", "index": 3, "fixtures_count": 0}, "timestamp": 1784275814749}
{"sessionId": "ce07cd", "hypothesisId": "H2", "location": "global_update.py:before_slips", "message": "starting get_daily_betting_slips", "data": {"run_id": 11}, "timestamp": 1784275814751}
{"sessionId": "ce07cd", "hypothesisId": "H2", "location": "global_update.py:after_slips", "message": "finished get_daily_betting_slips", "data": {"run_id": 11, "slips_count": 0}, "timestamp": 1784275814774}
{"sessionId": "ce07cd", "hypothesisId": "H4", "location": "global_update.py:combo_start", "message": "combo processing start", "data": {"run_id": 11, "combo": "v3/logistic_regression", "index": 4, "fixtures_count": 0}, "timestamp": 1784275814790}
{"sessionId": "ce07cd", "hypothesisId": "H2", "location": "global_update.py:before_slips", "message": "starting get_daily_betting_slips", "data": {"run_id": 11}, "timestamp": 1784275814791}
{"sessionId": "ce07cd", "hypothesisId": "H2", "location": "global_update.py:after_slips", "message": "finished get_daily_betting_slips", "data": {"run_id": 11, "slips_count": 0}, "timestamp": 1784275814812}
{"sessionId": "ce07cd", "hypothesisId": "H4", "location": "global_update.py:combo_start", "message": "combo processing start", "data": {"run_id": 11, "combo": "v3/random_forest", "index": 5, "fixtures_count": 0}, "timestamp": 1784275814831}
{"sessionId": "ce07cd", "hypothesisId": "H2", "location": "global_update.py:before_slips", "message": "starting get_daily_betting_slips", "data": {"run_id": 11}, "timestamp": 1784275814833}
{"sessionId": "ce07cd", "hypothesisId": "H2", "location": "global_update.py:after_slips", "message": "finished get_daily_betting_slips", "data": {"run_id": 11, "slips_count": 0}, "timestamp": 1784275814872}
{"sessionId": "ce07cd", "hypothesisId": "H4", "location": "global_update.py:combo_start", "message": "combo processing start", "data": {"run_id": 12, "combo": "v1/logistic_regression", "index": 0, "fixtures_count": 0}, "timestamp": 1784276144782}
{"sessionId": "ce07cd", "hypothesisId": "H2", "location": "global_update.py:before_slips", "message": "starting get_daily_betting_slips", "data": {"run_id": 12}, "timestamp": 1784276144791}
{"sessionId": "ce07cd", "hypothesisId": "H2", "location": "global_update.py:after_slips", "message": "finished get_daily_betting_slips", "data": {"run_id": 12, "slips_count": 0}, "timestamp": 1784276144859}
{"sessionId": "ce07cd", "hypothesisId": "H4", "location": "global_update.py:combo_start", "message": "combo processing start", "data": {"run_id": 12, "combo": "v1/random_forest", "index": 1, "fixtures_count": 0}, "timestamp": 1784276144881}
{"sessionId": "ce07cd", "hypothesisId": "H2", "location": "global_update.py:before_slips", "message": "starting get_daily_betting_slips", "data": {"run_id": 12}, "timestamp": 1784276144882}
{"sessionId": "ce07cd", "hypothesisId": "H2", "location": "global_update.py:after_slips", "message": "finished get_daily_betting_slips", "data": {"run_id": 12, "slips_count": 0}, "timestamp": 1784276144915}
{"sessionId": "ce07cd", "hypothesisId": "H4", "location": "global_update.py:combo_start", "message": "combo processing start", "data": {"run_id": 12, "combo": "v2/logistic_regression", "index": 2, "fixtures_count": 0}, "timestamp": 1784276144945}
{"sessionId": "ce07cd", "hypothesisId": "H2", "location": "global_update.py:before_slips", "message": "starting get_daily_betting_slips", "data": {"run_id": 12}, "timestamp": 1784276144949}
{"sessionId": "ce07cd", "hypothesisId": "H2", "location": "global_update.py:after_slips", "message": "finished get_daily_betting_slips", "data": {"run_id": 12, "slips_count": 0}, "timestamp": 1784276144976}
{"sessionId": "ce07cd", "hypothesisId": "H4", "location": "global_update.py:combo_start", "message": "combo processing start", "data": {"run_id": 12, "combo": "v2/random_forest", "index": 3, "fixtures_count": 0}, "timestamp": 1784276144990}
{"sessionId": "ce07cd", "hypothesisId": "H2", "location": "global_update.py:before_slips", "message": "starting get_daily_betting_slips", "data": {"run_id": 12}, "timestamp": 1784276144992}
{"sessionId": "ce07cd", "hypothesisId": "H2", "location": "global_update.py:after_slips", "message": "finished get_daily_betting_slips", "data": {"run_id": 12, "slips_count": 0}, "timestamp": 1784276145021}
{"sessionId": "ce07cd", "hypothesisId": "H4", "location": "global_update.py:combo_start", "message": "combo processing start", "data": {"run_id": 12, "combo": "v3/logistic_regression", "index": 4, "fixtures_count": 0}, "timestamp": 1784276145038}
{"sessionId": "ce07cd", "hypothesisId": "H2", "location": "global_update.py:before_slips", "message": "starting get_daily_betting_slips", "data": {"run_id": 12}, "timestamp": 1784276145040}
{"sessionId": "ce07cd", "hypothesisId": "H2", "location": "global_update.py:after_slips", "message": "finished get_daily_betting_slips", "data": {"run_id": 12, "slips_count": 0}, "timestamp": 1784276145091}
{"sessionId": "ce07cd", "hypothesisId": "H4", "location": "global_update.py:combo_start", "message": "combo processing start", "data": {"run_id": 12, "combo": "v3/random_forest", "index": 5, "fixtures_count": 0}, "timestamp": 1784276145110}
{"sessionId": "ce07cd", "hypothesisId": "H2", "location": "global_update.py:before_slips", "message": "starting get_daily_betting_slips", "data": {"run_id": 12}, "timestamp": 1784276145113}
{"sessionId": "ce07cd", "hypothesisId": "H2", "location": "global_update.py:after_slips", "message": "finished get_daily_betting_slips", "data": {"run_id": 12, "slips_count": 0}, "timestamp": 1784276145136}
{"sessionId": "ce07cd", "hypothesisId": "H4", "location": "global_update.py:combo_start", "message": "combo processing start", "data": {"run_id": 13, "combo": "v1/logistic_regression", "index": 0, "fixtures_count": 0}, "timestamp": 1784380456472}
{"sessionId": "ce07cd", "hypothesisId": "H2", "location": "global_update.py:before_slips", "message": "starting get_daily_betting_slips", "data": {"run_id": 13}, "timestamp": 1784380456474}
{"sessionId": "ce07cd", "hypothesisId": "H2", "location": "global_update.py:after_slips", "message": "finished get_daily_betting_slips", "data": {"run_id": 13, "slips_count": 0}, "timestamp": 1784380456526}
{"sessionId": "ce07cd", "hypothesisId": "H4", "location": "global_update.py:combo_start", "message": "combo processing start", "data": {"run_id": 13, "combo": "v1/random_forest", "index": 1, "fixtures_count": 0}, "timestamp": 1784380456543}
{"sessionId": "ce07cd", "hypothesisId": "H2", "location": "global_update.py:before_slips", "message": "starting get_daily_betting_slips", "data": {"run_id": 13}, "timestamp": 1784380456546}
{"sessionId": "ce07cd", "hypothesisId": "H2", "location": "global_update.py:after_slips", "message": "finished get_daily_betting_slips", "data": {"run_id": 13, "slips_count": 0}, "timestamp": 1784380456568}
{"sessionId": "ce07cd", "hypothesisId": "H4", "location": "global_update.py:combo_start", "message": "combo processing start", "data": {"run_id": 13, "combo": "v2/logistic_regression", "index": 2, "fixtures_count": 0}, "timestamp": 1784380456584}
{"sessionId": "ce07cd", "hypothesisId": "H2", "location": "global_update.py:before_slips", "message": "starting get_daily_betting_slips", "data": {"run_id": 13}, "timestamp": 1784380456585}
{"sessionId": "ce07cd", "hypothesisId": "H2", "location": "global_update.py:after_slips", "message": "finished get_daily_betting_slips", "data": {"run_id": 13, "slips_count": 0}, "timestamp": 1784380456603}
{"sessionId": "ce07cd", "hypothesisId": "H4", "location": "global_update.py:combo_start", "message": "combo processing start", "data": {"run_id": 13, "combo": "v2/random_forest", "index": 3, "fixtures_count": 0}, "timestamp": 1784380456618}
{"sessionId": "ce07cd", "hypothesisId": "H2", "location": "global_update.py:before_slips", "message": "starting get_daily_betting_slips", "data": {"run_id": 13}, "timestamp": 1784380456620}
{"sessionId": "ce07cd", "hypothesisId": "H2", "location": "global_update.py:after_slips", "message": "finished get_daily_betting_slips", "data": {"run_id": 13, "slips_count": 0}, "timestamp": 1784380456641}
{"sessionId": "ce07cd", "hypothesisId": "H4", "location": "global_update.py:combo_start", "message": "combo processing start", "data": {"run_id": 13, "combo": "v3/logistic_regression", "index": 4, "fixtures_count": 0}, "timestamp": 1784380456658}
{"sessionId": "ce07cd", "hypothesisId": "H2", "location": "global_update.py:before_slips", "message": "starting get_daily_betting_slips", "data": {"run_id": 13}, "timestamp": 1784380456660}
{"sessionId": "ce07cd", "hypothesisId": "H2", "location": "global_update.py:after_slips", "message": "finished get_daily_betting_slips", "data": {"run_id": 13, "slips_count": 0}, "timestamp": 1784380456680}
{"sessionId": "ce07cd", "hypothesisId": "H4", "location": "global_update.py:combo_start", "message": "combo processing start", "data": {"run_id": 13, "combo": "v3/random_forest", "index": 5, "fixtures_count": 0}, "timestamp": 1784380456696}
{"sessionId": "ce07cd", "hypothesisId": "H2", "location": "global_update.py:before_slips", "message": "starting get_daily_betting_slips", "data": {"run_id": 13}, "timestamp": 1784380456698}
{"sessionId": "ce07cd", "hypothesisId": "H2", "location": "global_update.py:after_slips", "message": "finished get_daily_betting_slips", "data": {"run_id": 13, "slips_count": 0}, "timestamp": 1784380456720}
{"sessionId": "ce07cd", "hypothesisId": "H4", "location": "global_update.py:combo_start", "message": "combo processing start", "data": {"run_id": 14, "combo": "v1/logistic_regression", "index": 0, "fixtures_count": 0}, "timestamp": 1784380607104}
{"sessionId": "ce07cd", "hypothesisId": "H2", "location": "global_update.py:before_slips", "message": "starting get_daily_betting_slips", "data": {"run_id": 14}, "timestamp": 1784380607106}
{"sessionId": "ce07cd", "hypothesisId": "H2", "location": "global_update.py:after_slips", "message": "finished get_daily_betting_slips", "data": {"run_id": 14, "slips_count": 0}, "timestamp": 1784380607151}
{"sessionId": "ce07cd", "hypothesisId": "H4", "location": "global_update.py:combo_start", "message": "combo processing start", "data": {"run_id": 14, "combo": "v1/random_forest", "index": 1, "fixtures_count": 0}, "timestamp": 1784380607170}
{"sessionId": "ce07cd", "hypothesisId": "H2", "location": "global_update.py:before_slips", "message": "starting get_daily_betting_slips", "data": {"run_id": 14}, "timestamp": 1784380607173}
{"sessionId": "ce07cd", "hypothesisId": "H2", "location": "global_update.py:after_slips", "message": "finished get_daily_betting_slips", "data": {"run_id": 14, "slips_count": 0}, "timestamp": 1784380607198}
{"sessionId": "ce07cd", "hypothesisId": "H4", "location": "global_update.py:combo_start", "message": "combo processing start", "data": {"run_id": 14, "combo": "v2/logistic_regression", "index": 2, "fixtures_count": 0}, "timestamp": 1784380607217}
{"sessionId": "ce07cd", "hypothesisId": "H2", "location": "global_update.py:before_slips", "message": "starting get_daily_betting_slips", "data": {"run_id": 14}, "timestamp": 1784380607220}
{"sessionId": "ce07cd", "hypothesisId": "H2", "location": "global_update.py:after_slips", "message": "finished get_daily_betting_slips", "data": {"run_id": 14, "slips_count": 0}, "timestamp": 1784380607248}
{"sessionId": "ce07cd", "hypothesisId": "H4", "location": "global_update.py:combo_start", "message": "combo processing start", "data": {"run_id": 14, "combo": "v2/random_forest", "index": 3, "fixtures_count": 0}, "timestamp": 1784380607273}
{"sessionId": "ce07cd", "hypothesisId": "H2", "location": "global_update.py:before_slips", "message": "starting get_daily_betting_slips", "data": {"run_id": 14}, "timestamp": 1784380607275}
{"sessionId": "ce07cd", "hypothesisId": "H2", "location": "global_update.py:after_slips", "message": "finished get_daily_betting_slips", "data": {"run_id": 14, "slips_count": 0}, "timestamp": 1784380607298}
{"sessionId": "ce07cd", "hypothesisId": "H4", "location": "global_update.py:combo_start", "message": "combo processing start", "data": {"run_id": 14, "combo": "v3/logistic_regression", "index": 4, "fixtures_count": 0}, "timestamp": 1784380607318}
{"sessionId": "ce07cd", "hypothesisId": "H2", "location": "global_update.py:before_slips", "message": "starting get_daily_betting_slips", "data": {"run_id": 14}, "timestamp": 1784380607321}
{"sessionId": "ce07cd", "hypothesisId": "H2", "location": "global_update.py:after_slips", "message": "finished get_daily_betting_slips", "data": {"run_id": 14, "slips_count": 0}, "timestamp": 1784380607344}
{"sessionId": "ce07cd", "hypothesisId": "H4", "location": "global_update.py:combo_start", "message": "combo processing start", "data": {"run_id": 14, "combo": "v3/random_forest", "index": 5, "fixtures_count": 0}, "timestamp": 1784380607365}
{"sessionId": "ce07cd", "hypothesisId": "H2", "location": "global_update.py:before_slips", "message": "starting get_daily_betting_slips", "data": {"run_id": 14}, "timestamp": 1784380607368}
{"sessionId": "ce07cd", "hypothesisId": "H2", "location": "global_update.py:after_slips", "message": "finished get_daily_betting_slips", "data": {"run_id": 14, "slips_count": 0}, "timestamp": 1784380607392}
{"sessionId": "ce07cd", "hypothesisId": "H4", "location": "global_update.py:combo_start", "message": "combo processing start", "data": {"run_id": 15, "combo": "v1/logistic_regression", "index": 0, "fixtures_count": 76}, "timestamp": 1784382277958}
{"sessionId": "ce07cd", "hypothesisId": "H1", "location": "global_update.py:before_predict", "message": "starting predict_upcoming_fixtures", "data": {"run_id": 15, "fixtures_count": 76}, "timestamp": 1784382277960}
{"sessionId": "ce07cd", "hypothesisId": "H1", "location": "predictor.py:predict_upcoming_start", "message": "predict loop start", "data": {"fixtures_count": 76, "model_version": "v1", "model_name": "logistic_regression"}, "timestamp": 1784382277962}
{"sessionId": "ce07cd", "hypothesisId": "H2", "location": "predictor.py:predict_progress", "message": "fixture batch processed", "data": {"fixture_index": 1, "total": 76, "event_key": 12147347, "has_prob": true}, "timestamp": 1784382312923}
{"sessionId": "ce07cd", "hypothesisId": "H2", "location": "predictor.py:predict_progress", "message": "fixture batch processed", "data": {"fixture_index": 25, "total": 76, "event_key": 12147337, "has_prob": true}, "timestamp": 1784382316674}
{"sessionId": "ce07cd", "hypothesisId": "H2", "location": "predictor.py:predict_progress", "message": "fixture batch processed", "data": {"fixture_index": 50, "total": 76, "event_key": 12147342, "has_prob": true}, "timestamp": 1784382320916}
{"sessionId": "ce07cd", "hypothesisId": "H2", "location": "predictor.py:predict_progress", "message": "fixture batch processed", "data": {"fixture_index": 75, "total": 76, "event_key": 12147455, "has_prob": true}, "timestamp": 1784382323776}
{"sessionId": "ce07cd", "hypothesisId": "H2", "location": "predictor.py:predict_progress", "message": "fixture batch processed", "data": {"fixture_index": 76, "total": 76, "event_key": 12147456, "has_prob": true}, "timestamp": 1784382323849}
{"sessionId": "ce07cd", "hypothesisId": "H1", "location": "predictor.py:predict_upcoming_end", "message": "predict loop end", "data": {"predictions_count": 76}, "timestamp": 1784382323867}
{"sessionId": "ce07cd", "hypothesisId": "H1", "location": "global_update.py:after_predict", "message": "finished predict_upcoming_fixtures", "data": {"run_id": 15, "predictions_count": 76}, "timestamp": 1784382324227}
{"sessionId": "ce07cd", "hypothesisId": "H2", "location": "global_update.py:before_slips", "message": "starting get_daily_betting_slips", "data": {"run_id": 15}, "timestamp": 1784382324228}
{"sessionId": "ce07cd", "hypothesisId": "H2", "location": "global_update.py:after_slips", "message": "finished get_daily_betting_slips", "data": {"run_id": 15, "slips_count": 5}, "timestamp": 1784382324426}
{"sessionId": "ce07cd", "hypothesisId": "H4", "location": "global_update.py:combo_start", "message": "combo processing start", "data": {"run_id": 15, "combo": "v1/random_forest", "index": 1, "fixtures_count": 76}, "timestamp": 1784382324447}
{"sessionId": "ce07cd", "hypothesisId": "H1", "location": "global_update.py:before_predict", "message": "starting predict_upcoming_fixtures", "data": {"run_id": 15, "fixtures_count": 76}, "timestamp": 1784382324448}
{"sessionId": "ce07cd", "hypothesisId": "H1", "location": "predictor.py:predict_upcoming_start", "message": "predict loop start", "data": {"fixtures_count": 76, "model_version": "v1", "model_name": "random_forest"}, "timestamp": 1784382324450}
{"sessionId": "ce07cd", "hypothesisId": "H2", "location": "predictor.py:predict_progress", "message": "fixture batch processed", "data": {"fixture_index": 1, "total": 76, "event_key": 12147347, "has_prob": true}, "timestamp": 1784382340553}
{"sessionId": "ce07cd", "hypothesisId": "H2", "location": "predictor.py:predict_progress", "message": "fixture batch processed", "data": {"fixture_index": 25, "total": 76, "event_key": 12147337, "has_prob": true}, "timestamp": 1784382343112}
{"sessionId": "ce07cd", "hypothesisId": "H2", "location": "predictor.py:predict_progress", "message": "fixture batch processed", "data": {"fixture_index": 50, "total": 76, "event_key": 12147342, "has_prob": true}, "timestamp": 1784382345943}
{"sessionId": "ce07cd", "hypothesisId": "H2", "location": "predictor.py:predict_progress", "message": "fixture batch processed", "data": {"fixture_index": 75, "total": 76, "event_key": 12147455, "has_prob": true}, "timestamp": 1784382348631}
{"sessionId": "ce07cd", "hypothesisId": "H2", "location": "predictor.py:predict_progress", "message": "fixture batch processed", "data": {"fixture_index": 76, "total": 76, "event_key": 12147456, "has_prob": true}, "timestamp": 1784382348746}
{"sessionId": "ce07cd", "hypothesisId": "H1", "location": "predictor.py:predict_upcoming_end", "message": "predict loop end", "data": {"predictions_count": 76}, "timestamp": 1784382348768}
{"sessionId": "ce07cd", "hypothesisId": "H1", "location": "global_update.py:after_predict", "message": "finished predict_upcoming_fixtures", "data": {"run_id": 15, "predictions_count": 76}, "timestamp": 1784382349116}
{"sessionId": "ce07cd", "hypothesisId": "H2", "location": "global_update.py:before_slips", "message": "starting get_daily_betting_slips", "data": {"run_id": 15}, "timestamp": 1784382349117}
{"sessionId": "ce07cd", "hypothesisId": "H2", "location": "global_update.py:after_slips", "message": "finished get_daily_betting_slips", "data": {"run_id": 15, "slips_count": 5}, "timestamp": 1784382349276}
{"sessionId": "ce07cd", "hypothesisId": "H4", "location": "global_update.py:combo_start", "message": "combo processing start", "data": {"run_id": 15, "combo": "v2/logistic_regression", "index": 2, "fixtures_count": 76}, "timestamp": 1784382349295}
{"sessionId": "ce07cd", "hypothesisId": "H1", "location": "global_update.py:before_predict", "message": "starting predict_upcoming_fixtures", "data": {"run_id": 15, "fixtures_count": 76}, "timestamp": 1784382349296}
{"sessionId": "ce07cd", "hypothesisId": "H1", "location": "predictor.py:predict_upcoming_start", "message": "predict loop start", "data": {"fixtures_count": 76, "model_version": "v2", "model_name": "logistic_regression"}, "timestamp": 1784382349298}
{"sessionId": "ce07cd", "hypothesisId": "H2", "location": "predictor.py:predict_progress", "message": "fixture batch processed", "data": {"fixture_index": 1, "total": 76, "event_key": 12147347, "has_prob": true}, "timestamp": 1784382456633}
{"sessionId": "ce07cd", "hypothesisId": "H2", "location": "predictor.py:predict_progress", "message": "fixture batch processed", "data": {"fixture_index": 25, "total": 76, "event_key": 12147337, "has_prob": true}, "timestamp": 1784382459181}
{"sessionId": "ce07cd", "hypothesisId": "H2", "location": "predictor.py:predict_progress", "message": "fixture batch processed", "data": {"fixture_index": 50, "total": 76, "event_key": 12147342, "has_prob": true}, "timestamp": 1784382460717}
{"sessionId": "ce07cd", "hypothesisId": "H2", "location": "predictor.py:predict_progress", "message": "fixture batch processed", "data": {"fixture_index": 75, "total": 76, "event_key": 12147455, "has_prob": true}, "timestamp": 1784382463640}
{"sessionId": "ce07cd", "hypothesisId": "H2", "location": "predictor.py:predict_progress", "message": "fixture batch processed", "data": {"fixture_index": 76, "total": 76, "event_key": 12147456, "has_prob": true}, "timestamp": 1784382463829}
{"sessionId": "ce07cd", "hypothesisId": "H1", "location": "predictor.py:predict_upcoming_end", "message": "predict loop end", "data": {"predictions_count": 76}, "timestamp": 1784382463855}
{"sessionId": "ce07cd", "hypothesisId": "H1", "location": "global_update.py:after_predict", "message": "finished predict_upcoming_fixtures", "data": {"run_id": 15, "predictions_count": 76}, "timestamp": 1784382465206}
{"sessionId": "ce07cd", "hypothesisId": "H2", "location": "global_update.py:before_slips", "message": "starting get_daily_betting_slips", "data": {"run_id": 15}, "timestamp": 1784382465244}
{"sessionId": "ce07cd", "hypothesisId": "H2", "location": "global_update.py:after_slips", "message": "finished get_daily_betting_slips", "data": {"run_id": 15, "slips_count": 5}, "timestamp": 1784382465666}
{"sessionId": "ce07cd", "hypothesisId": "H4", "location": "global_update.py:combo_start", "message": "combo processing start", "data": {"run_id": 15, "combo": "v2/random_forest", "index": 3, "fixtures_count": 76}, "timestamp": 1784382465692}
{"sessionId": "ce07cd", "hypothesisId": "H1", "location": "global_update.py:before_predict", "message": "starting predict_upcoming_fixtures", "data": {"run_id": 15, "fixtures_count": 76}, "timestamp": 1784382465694}
{"sessionId": "ce07cd", "hypothesisId": "H1", "location": "predictor.py:predict_upcoming_start", "message": "predict loop start", "data": {"fixtures_count": 76, "model_version": "v2", "model_name": "random_forest"}, "timestamp": 1784382465696}
{"sessionId": "ce07cd", "hypothesisId": "H2", "location": "predictor.py:predict_progress", "message": "fixture batch processed", "data": {"fixture_index": 1, "total": 76, "event_key": 12147347, "has_prob": true}, "timestamp": 1784382597349}
{"sessionId": "ce07cd", "hypothesisId": "H2", "location": "predictor.py:predict_progress", "message": "fixture batch processed", "data": {"fixture_index": 25, "total": 76, "event_key": 12147337, "has_prob": true}, "timestamp": 1784382600024}
{"sessionId": "ce07cd", "hypothesisId": "H2", "location": "predictor.py:predict_progress", "message": "fixture batch processed", "data": {"fixture_index": 50, "total": 76, "event_key": 12147342, "has_prob": true}, "timestamp": 1784382602691}
{"sessionId": "ce07cd", "hypothesisId": "H2", "location": "predictor.py:predict_progress", "message": "fixture batch processed", "data": {"fixture_index": 75, "total": 76, "event_key": 12147455, "has_prob": true}, "timestamp": 1784382605423}
{"sessionId": "ce07cd", "hypothesisId": "H2", "location": "predictor.py:predict_progress", "message": "fixture batch processed", "data": {"fixture_index": 76, "total": 76, "event_key": 12147456, "has_prob": true}, "timestamp": 1784382605531}
{"sessionId": "ce07cd", "hypothesisId": "H1", "location": "predictor.py:predict_upcoming_end", "message": "predict loop end", "data": {"predictions_count": 76}, "timestamp": 1784382605545}
{"sessionId": "ce07cd", "hypothesisId": "H1", "location": "global_update.py:after_predict", "message": "finished predict_upcoming_fixtures", "data": {"run_id": 15, "predictions_count": 76}, "timestamp": 1784382606215}
{"sessionId": "ce07cd", "hypothesisId": "H2", "location": "global_update.py:before_slips", "message": "starting get_daily_betting_slips", "data": {"run_id": 15}, "timestamp": 1784382606216}
{"sessionId": "ce07cd", "hypothesisId": "H2", "location": "global_update.py:after_slips", "message": "finished get_daily_betting_slips", "data": {"run_id": 15, "slips_count": 5}, "timestamp": 1784382606353}
{"sessionId": "ce07cd", "hypothesisId": "H4", "location": "global_update.py:combo_start", "message": "combo processing start", "data": {"run_id": 15, "combo": "v3/logistic_regression", "index": 4, "fixtures_count": 76}, "timestamp": 1784382606370}
{"sessionId": "ce07cd", "hypothesisId": "H1", "location": "global_update.py:before_predict", "message": "starting predict_upcoming_fixtures", "data": {"run_id": 15, "fixtures_count": 76}, "timestamp": 1784382606371}
{"sessionId": "ce07cd", "hypothesisId": "H1", "location": "predictor.py:predict_upcoming_start", "message": "predict loop start", "data": {"fixtures_count": 76, "model_version": "v3", "model_name": "logistic_regression"}, "timestamp": 1784382606373}
{"sessionId": "ce07cd", "hypothesisId": "H2", "location": "predictor.py:predict_progress", "message": "fixture batch processed", "data": {"fixture_index": 1, "total": 76, "event_key": 12147347, "has_prob": true}, "timestamp": 1784382670129}
{"sessionId": "ce07cd", "hypothesisId": "H2", "location": "predictor.py:predict_progress", "message": "fixture batch processed", "data": {"fixture_index": 25, "total": 76, "event_key": 12147337, "has_prob": true}, "timestamp": 1784382670510}
{"sessionId": "ce07cd", "hypothesisId": "H2", "location": "predictor.py:predict_progress", "message": "fixture batch processed", "data": {"fixture_index": 50, "total": 76, "event_key": 12147342, "has_prob": true}, "timestamp": 1784382670970}
{"sessionId": "ce07cd", "hypothesisId": "H2", "location": "predictor.py:predict_progress", "message": "fixture batch processed", "data": {"fixture_index": 75, "total": 76, "event_key": 12147455, "has_prob": false}, "timestamp": 1784382671116}
{"sessionId": "ce07cd", "hypothesisId": "H2", "location": "predictor.py:predict_progress", "message": "fixture batch processed", "data": {"fixture_index": 76, "total": 76, "event_key": 12147456, "has_prob": false}, "timestamp": 1784382671120}
{"sessionId": "ce07cd", "hypothesisId": "H1", "location": "predictor.py:predict_upcoming_end", "message": "predict loop end", "data": {"predictions_count": 76}, "timestamp": 1784382671123}
{"sessionId": "ce07cd", "hypothesisId": "H1", "location": "global_update.py:after_predict", "message": "finished predict_upcoming_fixtures", "data": {"run_id": 15, "predictions_count": 76}, "timestamp": 1784382671397}
{"sessionId": "ce07cd", "hypothesisId": "H2", "location": "global_update.py:before_slips", "message": "starting get_daily_betting_slips", "data": {"run_id": 15}, "timestamp": 1784382671397}
{"sessionId": "ce07cd", "hypothesisId": "H2", "location": "global_update.py:after_slips", "message": "finished get_daily_betting_slips", "data": {"run_id": 15, "slips_count": 4}, "timestamp": 1784382671452}
{"sessionId": "ce07cd", "hypothesisId": "H4", "location": "global_update.py:combo_start", "message": "combo processing start", "data": {"run_id": 15, "combo": "v3/random_forest", "index": 5, "fixtures_count": 76}, "timestamp": 1784382671460}
{"sessionId": "ce07cd", "hypothesisId": "H1", "location": "global_update.py:before_predict", "message": "starting predict_upcoming_fixtures", "data": {"run_id": 15, "fixtures_count": 76}, "timestamp": 1784382671460}
{"sessionId": "ce07cd", "hypothesisId": "H1", "location": "predictor.py:predict_upcoming_start", "message": "predict loop start", "data": {"fixtures_count": 76, "model_version": "v3", "model_name": "random_forest"}, "timestamp": 1784382671460}
{"sessionId": "ce07cd", "hypothesisId": "H2", "location": "predictor.py:predict_progress", "message": "fixture batch processed", "data": {"fixture_index": 1, "total": 76, "event_key": 12147347, "has_prob": true}, "timestamp": 1784382772242}
{"sessionId": "ce07cd", "hypothesisId": "H2", "location": "predictor.py:predict_progress", "message": "fixture batch processed", "data": {"fixture_index": 25, "total": 76, "event_key": 12147337, "has_prob": true}, "timestamp": 1784382774238}
{"sessionId": "ce07cd", "hypothesisId": "H2", "location": "predictor.py:predict_progress", "message": "fixture batch processed", "data": {"fixture_index": 50, "total": 76, "event_key": 12147342, "has_prob": true}, "timestamp": 1784382776810}
{"sessionId": "ce07cd", "hypothesisId": "H2", "location": "predictor.py:predict_progress", "message": "fixture batch processed", "data": {"fixture_index": 75, "total": 76, "event_key": 12147455, "has_prob": false}, "timestamp": 1784382777531}
{"sessionId": "ce07cd", "hypothesisId": "H2", "location": "predictor.py:predict_progress", "message": "fixture batch processed", "data": {"fixture_index": 76, "total": 76, "event_key": 12147456, "has_prob": false}, "timestamp": 1784382777540}
{"sessionId": "ce07cd", "hypothesisId": "H1", "location": "predictor.py:predict_upcoming_end", "message": "predict loop end", "data": {"predictions_count": 76}, "timestamp": 1784382777546}
{"sessionId": "ce07cd", "hypothesisId": "H1", "location": "global_update.py:after_predict", "message": "finished predict_upcoming_fixtures", "data": {"run_id": 15, "predictions_count": 76}, "timestamp": 1784382778237}
{"sessionId": "ce07cd", "hypothesisId": "H2", "location": "global_update.py:before_slips", "message": "starting get_daily_betting_slips", "data": {"run_id": 15}, "timestamp": 1784382778239}
{"sessionId": "ce07cd", "hypothesisId": "H2", "location": "global_update.py:after_slips", "message": "finished get_daily_betting_slips", "data": {"run_id": 15, "slips_count": 4}, "timestamp": 1784382778331}
{"sessionId": "ce07cd", "hypothesisId": "H4", "location": "global_update.py:combo_start", "message": "combo processing start", "data": {"run_id": 16, "combo": "v1/logistic_regression", "index": 0, "fixtures_count": 67}, "timestamp": 1784384958196}
{"sessionId": "ce07cd", "hypothesisId": "H1", "location": "global_update.py:before_predict", "message": "starting predict_upcoming_fixtures", "data": {"run_id": 16, "fixtures_count": 67}, "timestamp": 1784384958197}
{"sessionId": "ce07cd", "hypothesisId": "H1", "location": "predictor.py:predict_upcoming_start", "message": "predict loop start", "data": {"fixtures_count": 67, "model_version": "v1", "model_name": "logistic_regression"}, "timestamp": 1784384958198}
{"sessionId": "ce07cd", "hypothesisId": "H2", "location": "predictor.py:predict_progress", "message": "fixture batch processed", "data": {"fixture_index": 1, "total": 67, "event_key": 12147347, "has_prob": true}, "timestamp": 1784384968778}
{"sessionId": "ce07cd", "hypothesisId": "H2", "location": "predictor.py:predict_progress", "message": "fixture batch processed", "data": {"fixture_index": 25, "total": 67, "event_key": 12147400, "has_prob": true}, "timestamp": 1784384969149}
{"sessionId": "ce07cd", "hypothesisId": "H2", "location": "predictor.py:predict_progress", "message": "fixture batch processed", "data": {"fixture_index": 50, "total": 67, "event_key": 12147439, "has_prob": true}, "timestamp": 1784384969524}
{"sessionId": "ce07cd", "hypothesisId": "H2", "location": "predictor.py:predict_progress", "message": "fixture batch processed", "data": {"fixture_index": 67, "total": 67, "event_key": 12147456, "has_prob": true}, "timestamp": 1784384969777}
{"sessionId": "ce07cd", "hypothesisId": "H1", "location": "predictor.py:predict_upcoming_end", "message": "predict loop end", "data": {"predictions_count": 67}, "timestamp": 1784384969783}
{"sessionId": "ce07cd", "hypothesisId": "H1", "location": "global_update.py:after_predict", "message": "finished predict_upcoming_fixtures", "data": {"run_id": 16, "predictions_count": 67}, "timestamp": 1784384969946}
{"sessionId": "ce07cd", "hypothesisId": "H2", "location": "global_update.py:before_slips", "message": "starting get_daily_betting_slips", "data": {"run_id": 16}, "timestamp": 1784384969948}
{"sessionId": "ce07cd", "hypothesisId": "H4", "location": "global_update.py:combo_start", "message": "combo processing start", "data": {"run_id": 16, "combo": "v1/random_forest", "index": 1, "fixtures_count": 67}, "timestamp": 1784384969980}
{"sessionId": "ce07cd", "hypothesisId": "H1", "location": "global_update.py:before_predict", "message": "starting predict_upcoming_fixtures", "data": {"run_id": 16, "fixtures_count": 67}, "timestamp": 1784384969980}
{"sessionId": "ce07cd", "hypothesisId": "H1", "location": "predictor.py:predict_upcoming_start", "message": "predict loop start", "data": {"fixtures_count": 67, "model_version": "v1", "model_name": "random_forest"}, "timestamp": 1784384969981}
{"sessionId": "ce07cd", "hypothesisId": "H2", "location": "predictor.py:predict_progress", "message": "fixture batch processed", "data": {"fixture_index": 1, "total": 67, "event_key": 12147347, "has_prob": true}, "timestamp": 1784384974807}
{"sessionId": "ce07cd", "hypothesisId": "H2", "location": "predictor.py:predict_progress", "message": "fixture batch processed", "data": {"fixture_index": 25, "total": 67, "event_key": 12147400, "has_prob": true}, "timestamp": 1784384975579}
{"sessionId": "ce07cd", "hypothesisId": "H2", "location": "predictor.py:predict_progress", "message": "fixture batch processed", "data": {"fixture_index": 50, "total": 67, "event_key": 12147439, "has_prob": true}, "timestamp": 1784384976385}
{"sessionId": "ce07cd", "hypothesisId": "H2", "location": "predictor.py:predict_progress", "message": "fixture batch processed", "data": {"fixture_index": 67, "total": 67, "event_key": 12147456, "has_prob": true}, "timestamp": 1784384976929}
{"sessionId": "ce07cd", "hypothesisId": "H1", "location": "predictor.py:predict_upcoming_end", "message": "predict loop end", "data": {"predictions_count": 67}, "timestamp": 1784384976935}
{"sessionId": "ce07cd", "hypothesisId": "H1", "location": "global_update.py:after_predict", "message": "finished predict_upcoming_fixtures", "data": {"run_id": 16, "predictions_count": 67}, "timestamp": 1784384977100}
{"sessionId": "ce07cd", "hypothesisId": "H2", "location": "global_update.py:before_slips", "message": "starting get_daily_betting_slips", "data": {"run_id": 16}, "timestamp": 1784384977102}
{"sessionId": "ce07cd", "hypothesisId": "H4", "location": "global_update.py:combo_start", "message": "combo processing start", "data": {"run_id": 16, "combo": "v2/logistic_regression", "index": 2, "fixtures_count": 67}, "timestamp": 1784384977131}
{"sessionId": "ce07cd", "hypothesisId": "H1", "location": "global_update.py:before_predict", "message": "starting predict_upcoming_fixtures", "data": {"run_id": 16, "fixtures_count": 67}, "timestamp": 1784384977131}
{"sessionId": "ce07cd", "hypothesisId": "H1", "location": "predictor.py:predict_upcoming_start", "message": "predict loop start", "data": {"fixtures_count": 67, "model_version": "v2", "model_name": "logistic_regression"}, "timestamp": 1784384977132}
{"sessionId": "ce07cd", "hypothesisId": "H2", "location": "predictor.py:predict_progress", "message": "fixture batch processed", "data": {"fixture_index": 1, "total": 67, "event_key": 12147347, "has_prob": true}, "timestamp": 1784385004449}
{"sessionId": "ce07cd", "hypothesisId": "H2", "location": "predictor.py:predict_progress", "message": "fixture batch processed", "data": {"fixture_index": 25, "total": 67, "event_key": 12147400, "has_prob": true}, "timestamp": 1784385004888}
{"sessionId": "ce07cd", "hypothesisId": "H2", "location": "predictor.py:predict_progress", "message": "fixture batch processed", "data": {"fixture_index": 50, "total": 67, "event_key": 12147439, "has_prob": true}, "timestamp": 1784385005308}
{"sessionId": "ce07cd", "hypothesisId": "H2", "location": "predictor.py:predict_progress", "message": "fixture batch processed", "data": {"fixture_index": 67, "total": 67, "event_key": 12147456, "has_prob": true}, "timestamp": 1784385005597}
{"sessionId": "ce07cd", "hypothesisId": "H1", "location": "predictor.py:predict_upcoming_end", "message": "predict loop end", "data": {"predictions_count": 67}, "timestamp": 1784385005603}
{"sessionId": "ce07cd", "hypothesisId": "H1", "location": "global_update.py:after_predict", "message": "finished predict_upcoming_fixtures", "data": {"run_id": 16, "predictions_count": 67}, "timestamp": 1784385005878}
{"sessionId": "ce07cd", "hypothesisId": "H2", "location": "global_update.py:before_slips", "message": "starting get_daily_betting_slips", "data": {"run_id": 16}, "timestamp": 1784385005879}
{"sessionId": "ce07cd", "hypothesisId": "H4", "location": "global_update.py:combo_start", "message": "combo processing start", "data": {"run_id": 16, "combo": "v2/random_forest", "index": 3, "fixtures_count": 67}, "timestamp": 1784385005908}
{"sessionId": "ce07cd", "hypothesisId": "H1", "location": "global_update.py:before_predict", "message": "starting predict_upcoming_fixtures", "data": {"run_id": 16, "fixtures_count": 67}, "timestamp": 1784385005909}
{"sessionId": "ce07cd", "hypothesisId": "H1", "location": "predictor.py:predict_upcoming_start", "message": "predict loop start", "data": {"fixtures_count": 67, "model_version": "v2", "model_name": "random_forest"}, "timestamp": 1784385005910}
{"sessionId": "ce07cd", "hypothesisId": "H2", "location": "predictor.py:predict_progress", "message": "fixture batch processed", "data": {"fixture_index": 1, "total": 67, "event_key": 12147347, "has_prob": true}, "timestamp": 1784385033158}
{"sessionId": "ce07cd", "hypothesisId": "H2", "location": "predictor.py:predict_progress", "message": "fixture batch processed", "data": {"fixture_index": 25, "total": 67, "event_key": 12147400, "has_prob": true}, "timestamp": 1784385033968}
{"sessionId": "ce07cd", "hypothesisId": "H2", "location": "predictor.py:predict_progress", "message": "fixture batch processed", "data": {"fixture_index": 50, "total": 67, "event_key": 12147439, "has_prob": true}, "timestamp": 1784385034819}
{"sessionId": "ce07cd", "hypothesisId": "H2", "location": "predictor.py:predict_progress", "message": "fixture batch processed", "data": {"fixture_index": 67, "total": 67, "event_key": 12147456, "has_prob": true}, "timestamp": 1784385035390}
{"sessionId": "ce07cd", "hypothesisId": "H1", "location": "predictor.py:predict_upcoming_end", "message": "predict loop end", "data": {"predictions_count": 67}, "timestamp": 1784385035398}
{"sessionId": "ce07cd", "hypothesisId": "H1", "location": "global_update.py:after_predict", "message": "finished predict_upcoming_fixtures", "data": {"run_id": 16, "predictions_count": 67}, "timestamp": 1784385035666}
{"sessionId": "ce07cd", "hypothesisId": "H2", "location": "global_update.py:before_slips", "message": "starting get_daily_betting_slips", "data": {"run_id": 16}, "timestamp": 1784385035667}
{"sessionId": "ce07cd", "hypothesisId": "H4", "location": "global_update.py:combo_start", "message": "combo processing start", "data": {"run_id": 16, "combo": "v3/logistic_regression", "index": 4, "fixtures_count": 67}, "timestamp": 1784385035704}
{"sessionId": "ce07cd", "hypothesisId": "H1", "location": "global_update.py:before_predict", "message": "starting predict_upcoming_fixtures", "data": {"run_id": 16, "fixtures_count": 67}, "timestamp": 1784385035704}
{"sessionId": "ce07cd", "hypothesisId": "H1", "location": "predictor.py:predict_upcoming_start", "message": "predict loop start", "data": {"fixtures_count": 67, "model_version": "v3", "model_name": "logistic_regression"}, "timestamp": 1784385035706}
{"sessionId": "ce07cd", "hypothesisId": "H2", "location": "predictor.py:predict_progress", "message": "fixture batch processed", "data": {"fixture_index": 1, "total": 67, "event_key": 12147347, "has_prob": true}, "timestamp": 1784385062390}
{"sessionId": "ce07cd", "hypothesisId": "H2", "location": "predictor.py:predict_progress", "message": "fixture batch processed", "data": {"fixture_index": 25, "total": 67, "event_key": 12147400, "has_prob": true}, "timestamp": 1784385062789}
{"sessionId": "ce07cd", "hypothesisId": "H2", "location": "predictor.py:predict_progress", "message": "fixture batch processed", "data": {"fixture_index": 50, "total": 67, "event_key": 12147439, "has_prob": true}, "timestamp": 1784385063173}
{"sessionId": "ce07cd", "hypothesisId": "H2", "location": "predictor.py:predict_progress", "message": "fixture batch processed", "data": {"fixture_index": 67, "total": 67, "event_key": 12147456, "has_prob": false}, "timestamp": 1784385063261}
{"sessionId": "ce07cd", "hypothesisId": "H1", "location": "predictor.py:predict_upcoming_end", "message": "predict loop end", "data": {"predictions_count": 67}, "timestamp": 1784385063264}
{"sessionId": "ce07cd", "hypothesisId": "H1", "location": "global_update.py:after_predict", "message": "finished predict_upcoming_fixtures", "data": {"run_id": 16, "predictions_count": 67}, "timestamp": 1784385063520}
{"sessionId": "ce07cd", "hypothesisId": "H2", "location": "global_update.py:before_slips", "message": "starting get_daily_betting_slips", "data": {"run_id": 16}, "timestamp": 1784385063521}
{"sessionId": "ce07cd", "hypothesisId": "H4", "location": "global_update.py:combo_start", "message": "combo processing start", "data": {"run_id": 16, "combo": "v3/random_forest", "index": 5, "fixtures_count": 67}, "timestamp": 1784385063547}
{"sessionId": "ce07cd", "hypothesisId": "H1", "location": "global_update.py:before_predict", "message": "starting predict_upcoming_fixtures", "data": {"run_id": 16, "fixtures_count": 67}, "timestamp": 1784385063548}
{"sessionId": "ce07cd", "hypothesisId": "H1", "location": "predictor.py:predict_upcoming_start", "message": "predict loop start", "data": {"fixtures_count": 67, "model_version": "v3", "model_name": "random_forest"}, "timestamp": 1784385063549}
{"sessionId": "ce07cd", "hypothesisId": "H2", "location": "predictor.py:predict_progress", "message": "fixture batch processed", "data": {"fixture_index": 1, "total": 67, "event_key": 12147347, "has_prob": true}, "timestamp": 1784385090935}
{"sessionId": "ce07cd", "hypothesisId": "H2", "location": "predictor.py:predict_progress", "message": "fixture batch processed", "data": {"fixture_index": 25, "total": 67, "event_key": 12147400, "has_prob": true}, "timestamp": 1784385091677}
{"sessionId": "ce07cd", "hypothesisId": "H2", "location": "predictor.py:predict_progress", "message": "fixture batch processed", "data": {"fixture_index": 50, "total": 67, "event_key": 12147439, "has_prob": true}, "timestamp": 1784385092418}
{"sessionId": "ce07cd", "hypothesisId": "H2", "location": "predictor.py:predict_progress", "message": "fixture batch processed", "data": {"fixture_index": 67, "total": 67, "event_key": 12147456, "has_prob": false}, "timestamp": 1784385092544}
{"sessionId": "ce07cd", "hypothesisId": "H1", "location": "predictor.py:predict_upcoming_end", "message": "predict loop end", "data": {"predictions_count": 67}, "timestamp": 1784385092547}
{"sessionId": "ce07cd", "hypothesisId": "H1", "location": "global_update.py:after_predict", "message": "finished predict_upcoming_fixtures", "data": {"run_id": 16, "predictions_count": 67}, "timestamp": 1784385092805}
{"sessionId": "ce07cd", "hypothesisId": "H2", "location": "global_update.py:before_slips", "message": "starting get_daily_betting_slips", "data": {"run_id": 16}, "timestamp": 1784385092806}
{"sessionId": "ce07cd", "hypothesisId": "H4", "location": "global_update.py:combo_start", "message": "combo processing start", "data": {"run_id": 17, "combo": "v1/logistic_regression", "index": 0, "fixtures_count": 181}, "timestamp": 1784465857280}
{"sessionId": "ce07cd", "hypothesisId": "H1", "location": "global_update.py:before_predict", "message": "starting predict_upcoming_fixtures", "data": {"run_id": 17, "fixtures_count": 181}, "timestamp": 1784465857282}
{"sessionId": "ce07cd", "hypothesisId": "H1", "location": "predictor.py:predict_upcoming_start", "message": "predict loop start", "data": {"fixtures_count": 181, "model_version": "v1", "model_name": "logistic_regression"}, "timestamp": 1784465857283}
{"sessionId": "ce07cd", "hypothesisId": "H2", "location": "predictor.py:predict_progress", "message": "fixture batch processed", "data": {"fixture_index": 1, "total": 181, "event_key": 12147489, "has_prob": true}, "timestamp": 1784465864692}
{"sessionId": "ce07cd", "hypothesisId": "H2", "location": "predictor.py:predict_progress", "message": "fixture batch processed", "data": {"fixture_index": 25, "total": 181, "event_key": 12147629, "has_prob": true}, "timestamp": 1784465865855}
{"sessionId": "ce07cd", "hypothesisId": "H2", "location": "predictor.py:predict_progress", "message": "fixture batch processed", "data": {"fixture_index": 50, "total": 181, "event_key": 12147692, "has_prob": true}, "timestamp": 1784465867067}
{"sessionId": "ce07cd", "hypothesisId": "H2", "location": "predictor.py:predict_progress", "message": "fixture batch processed", "data": {"fixture_index": 75, "total": 181, "event_key": 12147564, "has_prob": true}, "timestamp": 1784465868226}
{"sessionId": "ce07cd", "hypothesisId": "H2", "location": "predictor.py:predict_progress", "message": "fixture batch processed", "data": {"fixture_index": 100, "total": 181, "event_key": 12147688, "has_prob": true}, "timestamp": 1784465869474}
{"sessionId": "ce07cd", "hypothesisId": "H2", "location": "predictor.py:predict_progress", "message": "fixture batch processed", "data": {"fixture_index": 125, "total": 181, "event_key": 12147453, "has_prob": true}, "timestamp": 1784465870635}
{"sessionId": "ce07cd", "hypothesisId": "H2", "location": "predictor.py:predict_progress", "message": "fixture batch processed", "data": {"fixture_index": 150, "total": 181, "event_key": 12147509, "has_prob": true}, "timestamp": 1784465871757}
{"sessionId": "ce07cd", "hypothesisId": "H2", "location": "predictor.py:predict_progress", "message": "fixture batch processed", "data": {"fixture_index": 175, "total": 181, "event_key": 12147719, "has_prob": true}, "timestamp": 1784465873019}
{"sessionId": "ce07cd", "hypothesisId": "H2", "location": "predictor.py:predict_progress", "message": "fixture batch processed", "data": {"fixture_index": 181, "total": 181, "event_key": 12147725, "has_prob": true}, "timestamp": 1784465873319}
{"sessionId": "ce07cd", "hypothesisId": "H1", "location": "predictor.py:predict_upcoming_end", "message": "predict loop end", "data": {"predictions_count": 181}, "timestamp": 1784465873375}
{"sessionId": "ce07cd", "hypothesisId": "H1", "location": "global_update.py:after_predict", "message": "finished predict_upcoming_fixtures", "data": {"run_id": 17, "predictions_count": 181}, "timestamp": 1784465873711}
{"sessionId": "ce07cd", "hypothesisId": "H2", "location": "global_update.py:before_slips", "message": "starting get_daily_betting_slips", "data": {"run_id": 17}, "timestamp": 1784465873712}
{"sessionId": "ce07cd", "hypothesisId": "H2", "location": "global_update.py:after_slips", "message": "finished get_daily_betting_slips", "data": {"run_id": 17, "slips_count": 9}, "timestamp": 1784465873850}
{"sessionId": "ce07cd", "hypothesisId": "H4", "location": "global_update.py:combo_start", "message": "combo processing start", "data": {"run_id": 17, "combo": "v1/random_forest", "index": 1, "fixtures_count": 181}, "timestamp": 1784465873859}
{"sessionId": "ce07cd", "hypothesisId": "H1", "location": "global_update.py:before_predict", "message": "starting predict_upcoming_fixtures", "data": {"run_id": 17, "fixtures_count": 181}, "timestamp": 1784465873860}
{"sessionId": "ce07cd", "hypothesisId": "H1", "location": "predictor.py:predict_upcoming_start", "message": "predict loop start", "data": {"fixtures_count": 181, "model_version": "v1", "model_name": "random_forest"}, "timestamp": 1784465873860}
{"sessionId": "ce07cd", "hypothesisId": "H2", "location": "predictor.py:predict_progress", "message": "fixture batch processed", "data": {"fixture_index": 1, "total": 181, "event_key": 12147489, "has_prob": true}, "timestamp": 1784465886171}
{"sessionId": "ce07cd", "hypothesisId": "H2", "location": "predictor.py:predict_progress", "message": "fixture batch processed", "data": {"fixture_index": 25, "total": 181, "event_key": 12147629, "has_prob": true}, "timestamp": 1784465888560}
{"sessionId": "ce07cd", "hypothesisId": "H2", "location": "predictor.py:predict_progress", "message": "fixture batch processed", "data": {"fixture_index": 50, "total": 181, "event_key": 12147692, "has_prob": true}, "timestamp": 1784465891035}
{"sessionId": "ce07cd", "hypothesisId": "H2", "location": "predictor.py:predict_progress", "message": "fixture batch processed", "data": {"fixture_index": 75, "total": 181, "event_key": 12147564, "has_prob": true}, "timestamp": 1784465893899}
{"sessionId": "ce07cd", "hypothesisId": "H2", "location": "predictor.py:predict_progress", "message": "fixture batch processed", "data": {"fixture_index": 100, "total": 181, "event_key": 12147688, "has_prob": true}, "timestamp": 1784465896708}
{"sessionId": "ce07cd", "hypothesisId": "H2", "location": "predictor.py:predict_progress", "message": "fixture batch processed", "data": {"fixture_index": 125, "total": 181, "event_key": 12147453, "has_prob": true}, "timestamp": 1784465899827}
{"sessionId": "ce07cd", "hypothesisId": "H2", "location": "predictor.py:predict_progress", "message": "fixture batch processed", "data": {"fixture_index": 150, "total": 181, "event_key": 12147509, "has_prob": true}, "timestamp": 1784465902579}
{"sessionId": "ce07cd", "hypothesisId": "H2", "location": "predictor.py:predict_progress", "message": "fixture batch processed", "data": {"fixture_index": 175, "total": 181, "event_key": 12147719, "has_prob": true}, "timestamp": 1784465905374}
{"sessionId": "ce07cd", "hypothesisId": "H2", "location": "predictor.py:predict_progress", "message": "fixture batch processed", "data": {"fixture_index": 181, "total": 181, "event_key": 12147725, "has_prob": true}, "timestamp": 1784465906313}
{"sessionId": "ce07cd", "hypothesisId": "H1", "location": "predictor.py:predict_upcoming_end", "message": "predict loop end", "data": {"predictions_count": 181}, "timestamp": 1784465906343}
{"sessionId": "ce07cd", "hypothesisId": "H1", "location": "global_update.py:after_predict", "message": "finished predict_upcoming_fixtures", "data": {"run_id": 17, "predictions_count": 181}, "timestamp": 1784465906857}
{"sessionId": "ce07cd", "hypothesisId": "H2", "location": "global_update.py:before_slips", "message": "starting get_daily_betting_slips", "data": {"run_id": 17}, "timestamp": 1784465906859}
{"sessionId": "ce07cd", "hypothesisId": "H2", "location": "global_update.py:after_slips", "message": "finished get_daily_betting_slips", "data": {"run_id": 17, "slips_count": 9}, "timestamp": 1784465907077}
{"sessionId": "ce07cd", "hypothesisId": "H4", "location": "global_update.py:combo_start", "message": "combo processing start", "data": {"run_id": 17, "combo": "v2/logistic_regression", "index": 2, "fixtures_count": 181}, "timestamp": 1784465907099}
{"sessionId": "ce07cd", "hypothesisId": "H1", "location": "global_update.py:before_predict", "message": "starting predict_upcoming_fixtures", "data": {"run_id": 17, "fixtures_count": 181}, "timestamp": 1784465907100}
{"sessionId": "ce07cd", "hypothesisId": "H1", "location": "predictor.py:predict_upcoming_start", "message": "predict loop start", "data": {"fixtures_count": 181, "model_version": "v2", "model_name": "logistic_regression"}, "timestamp": 1784465907102}
{"sessionId": "ce07cd", "hypothesisId": "H2", "location": "predictor.py:predict_progress", "message": "fixture batch processed", "data": {"fixture_index": 1, "total": 181, "event_key": 12147489, "has_prob": true}, "timestamp": 1784466009541}
{"sessionId": "ce07cd", "hypothesisId": "H2", "location": "predictor.py:predict_progress", "message": "fixture batch processed", "data": {"fixture_index": 25, "total": 181, "event_key": 12147629, "has_prob": true}, "timestamp": 1784466010978}
{"sessionId": "ce07cd", "hypothesisId": "H2", "location": "predictor.py:predict_progress", "message": "fixture batch processed", "data": {"fixture_index": 50, "total": 181, "event_key": 12147692, "has_prob": true}, "timestamp": 1784466012456}
{"sessionId": "ce07cd", "hypothesisId": "H2", "location": "predictor.py:predict_progress", "message": "fixture batch processed", "data": {"fixture_index": 75, "total": 181, "event_key": 12147564, "has_prob": true}, "timestamp": 1784466014174}
{"sessionId": "ce07cd", "hypothesisId": "H2", "location": "predictor.py:predict_progress", "message": "fixture batch processed", "data": {"fixture_index": 100, "total": 181, "event_key": 12147688, "has_prob": true}, "timestamp": 1784466015640}
{"sessionId": "ce07cd", "hypothesisId": "H2", "location": "predictor.py:predict_progress", "message": "fixture batch processed", "data": {"fixture_index": 125, "total": 181, "event_key": 12147453, "has_prob": true}, "timestamp": 1784466017152}
{"sessionId": "ce07cd", "hypothesisId": "H2", "location": "predictor.py:predict_progress", "message": "fixture batch processed", "data": {"fixture_index": 150, "total": 181, "event_key": 12147509, "has_prob": true}, "timestamp": 1784466018651}
{"sessionId": "ce07cd", "hypothesisId": "H2", "location": "predictor.py:predict_progress", "message": "fixture batch processed", "data": {"fixture_index": 175, "total": 181, "event_key": 12147719, "has_prob": true}, "timestamp": 1784466020102}
{"sessionId": "ce07cd", "hypothesisId": "H2", "location": "predictor.py:predict_progress", "message": "fixture batch processed", "data": {"fixture_index": 181, "total": 181, "event_key": 12147725, "has_prob": true}, "timestamp": 1784466020469}
{"sessionId": "ce07cd", "hypothesisId": "H1", "location": "predictor.py:predict_upcoming_end", "message": "predict loop end", "data": {"predictions_count": 181}, "timestamp": 1784466020490}
{"sessionId": "ce07cd", "hypothesisId": "H1", "location": "global_update.py:after_predict", "message": "finished predict_upcoming_fixtures", "data": {"run_id": 17, "predictions_count": 181}, "timestamp": 1784466021190}
{"sessionId": "ce07cd", "hypothesisId": "H2", "location": "global_update.py:before_slips", "message": "starting get_daily_betting_slips", "data": {"run_id": 17}, "timestamp": 1784466021192}
{"sessionId": "ce07cd", "hypothesisId": "H2", "location": "global_update.py:after_slips", "message": "finished get_daily_betting_slips", "data": {"run_id": 17, "slips_count": 9}, "timestamp": 1784466021375}
{"sessionId": "ce07cd", "hypothesisId": "H4", "location": "global_update.py:combo_start", "message": "combo processing start", "data": {"run_id": 17, "combo": "v2/random_forest", "index": 3, "fixtures_count": 181}, "timestamp": 1784466021396}
{"sessionId": "ce07cd", "hypothesisId": "H1", "location": "global_update.py:before_predict", "message": "starting predict_upcoming_fixtures", "data": {"run_id": 17, "fixtures_count": 181}, "timestamp": 1784466021397}
{"sessionId": "ce07cd", "hypothesisId": "H1", "location": "predictor.py:predict_upcoming_start", "message": "predict loop start", "data": {"fixtures_count": 181, "model_version": "v2", "model_name": "random_forest"}, "timestamp": 1784466021399}
{"sessionId": "ce07cd", "hypothesisId": "H2", "location": "predictor.py:predict_progress", "message": "fixture batch processed", "data": {"fixture_index": 1, "total": 181, "event_key": 12147489, "has_prob": true}, "timestamp": 1784466122428}
{"sessionId": "ce07cd", "hypothesisId": "H2", "location": "predictor.py:predict_progress", "message": "fixture batch processed", "data": {"fixture_index": 25, "total": 181, "event_key": 12147629, "has_prob": true}, "timestamp": 1784466125047}
{"sessionId": "ce07cd", "hypothesisId": "H2", "location": "predictor.py:predict_progress", "message": "fixture batch processed", "data": {"fixture_index": 50, "total": 181, "event_key": 12147692, "has_prob": true}, "timestamp": 1784466127675}
{"sessionId": "ce07cd", "hypothesisId": "H2", "location": "predictor.py:predict_progress", "message": "fixture batch processed", "data": {"fixture_index": 75, "total": 181, "event_key": 12147564, "has_prob": true}, "timestamp": 1784466130249}
{"sessionId": "ce07cd", "hypothesisId": "H2", "location": "predictor.py:predict_progress", "message": "fixture batch processed", "data": {"fixture_index": 100, "total": 181, "event_key": 12147688, "has_prob": true}, "timestamp": 1784466133767}
{"sessionId": "ce07cd", "hypothesisId": "H2", "location": "predictor.py:predict_progress", "message": "fixture batch processed", "data": {"fixture_index": 125, "total": 181, "event_key": 12147453, "has_prob": true}, "timestamp": 1784466136500}
{"sessionId": "ce07cd", "hypothesisId": "H2", "location": "predictor.py:predict_progress", "message": "fixture batch processed", "data": {"fixture_index": 150, "total": 181, "event_key": 12147509, "has_prob": true}, "timestamp": 1784466138968}
{"sessionId": "ce07cd", "hypothesisId": "H2", "location": "predictor.py:predict_progress", "message": "fixture batch processed", "data": {"fixture_index": 175, "total": 181, "event_key": 12147719, "has_prob": true}, "timestamp": 1784466141503}
{"sessionId": "ce07cd", "hypothesisId": "H2", "location": "predictor.py:predict_progress", "message": "fixture batch processed", "data": {"fixture_index": 181, "total": 181, "event_key": 12147725, "has_prob": true}, "timestamp": 1784466142114}
{"sessionId": "ce07cd", "hypothesisId": "H1", "location": "predictor.py:predict_upcoming_end", "message": "predict loop end", "data": {"predictions_count": 181}, "timestamp": 1784466142134}
{"sessionId": "ce07cd", "hypothesisId": "H1", "location": "global_update.py:after_predict", "message": "finished predict_upcoming_fixtures", "data": {"run_id": 17, "predictions_count": 181}, "timestamp": 1784466142813}
{"sessionId": "ce07cd", "hypothesisId": "H2", "location": "global_update.py:before_slips", "message": "starting get_daily_betting_slips", "data": {"run_id": 17}, "timestamp": 1784466142814}
{"sessionId": "ce07cd", "hypothesisId": "H2", "location": "global_update.py:after_slips", "message": "finished get_daily_betting_slips", "data": {"run_id": 17, "slips_count": 9}, "timestamp": 1784466143049}
{"sessionId": "ce07cd", "hypothesisId": "H4", "location": "global_update.py:combo_start", "message": "combo processing start", "data": {"run_id": 17, "combo": "v3/logistic_regression", "index": 4, "fixtures_count": 181}, "timestamp": 1784466143069}
{"sessionId": "ce07cd", "hypothesisId": "H1", "location": "global_update.py:before_predict", "message": "starting predict_upcoming_fixtures", "data": {"run_id": 17, "fixtures_count": 181}, "timestamp": 1784466143071}
{"sessionId": "ce07cd", "hypothesisId": "H1", "location": "predictor.py:predict_upcoming_start", "message": "predict loop start", "data": {"fixtures_count": 181, "model_version": "v3", "model_name": "logistic_regression"}, "timestamp": 1784466143072}
{"sessionId": "ce07cd", "hypothesisId": "H2", "location": "predictor.py:predict_progress", "message": "fixture batch processed", "data": {"fixture_index": 1, "total": 181, "event_key": 12147489, "has_prob": true}, "timestamp": 1784466255266}
{"sessionId": "ce07cd", "hypothesisId": "H2", "location": "predictor.py:predict_progress", "message": "fixture batch processed", "data": {"fixture_index": 25, "total": 181, "event_key": 12147629, "has_prob": false}, "timestamp": 1784466260239}
{"sessionId": "ce07cd", "hypothesisId": "H2", "location": "predictor.py:predict_progress", "message": "fixture batch processed", "data": {"fixture_index": 50, "total": 181, "event_key": 12147692, "has_prob": false}, "timestamp": 1784466263254}
{"sessionId": "ce07cd", "hypothesisId": "H2", "location": "predictor.py:predict_progress", "message": "fixture batch processed", "data": {"fixture_index": 75, "total": 181, "event_key": 12147564, "has_prob": true}, "timestamp": 1784466269357}
{"sessionId": "ce07cd", "hypothesisId": "H2", "location": "predictor.py:predict_progress", "message": "fixture batch processed", "data": {"fixture_index": 100, "total": 181, "event_key": 12147688, "has_prob": true}, "timestamp": 1784466273469}
{"sessionId": "ce07cd", "hypothesisId": "H2", "location": "predictor.py:predict_progress", "message": "fixture batch processed", "data": {"fixture_index": 125, "total": 181, "event_key": 12147453, "has_prob": true}, "timestamp": 1784466274357}
{"sessionId": "ce07cd", "hypothesisId": "H2", "location": "predictor.py:predict_progress", "message": "fixture batch processed", "data": {"fixture_index": 150, "total": 181, "event_key": 12147509, "has_prob": false}, "timestamp": 1784466278074}
{"sessionId": "ce07cd", "hypothesisId": "H2", "location": "predictor.py:predict_progress", "message": "fixture batch processed", "data": {"fixture_index": 175, "total": 181, "event_key": 12147719, "has_prob": false}, "timestamp": 1784466281464}
{"sessionId": "ce07cd", "hypothesisId": "H2", "location": "predictor.py:predict_progress", "message": "fixture batch processed", "data": {"fixture_index": 181, "total": 181, "event_key": 12147725, "has_prob": false}, "timestamp": 1784466281540}
{"sessionId": "ce07cd", "hypothesisId": "H1", "location": "predictor.py:predict_upcoming_end", "message": "predict loop end", "data": {"predictions_count": 181}, "timestamp": 1784466281574}
{"sessionId": "ce07cd", "hypothesisId": "H1", "location": "global_update.py:after_predict", "message": "finished predict_upcoming_fixtures", "data": {"run_id": 17, "predictions_count": 181}, "timestamp": 1784466283111}
{"sessionId": "ce07cd", "hypothesisId": "H2", "location": "global_update.py:before_slips", "message": "starting get_daily_betting_slips", "data": {"run_id": 17}, "timestamp": 1784466283123}
{"sessionId": "ce07cd", "hypothesisId": "H2", "location": "global_update.py:after_slips", "message": "finished get_daily_betting_slips", "data": {"run_id": 17, "slips_count": 4}, "timestamp": 1784466283371}
{"sessionId": "ce07cd", "hypothesisId": "H4", "location": "global_update.py:combo_start", "message": "combo processing start", "data": {"run_id": 17, "combo": "v3/random_forest", "index": 5, "fixtures_count": 181}, "timestamp": 1784466283395}
{"sessionId": "ce07cd", "hypothesisId": "H1", "location": "global_update.py:before_predict", "message": "starting predict_upcoming_fixtures", "data": {"run_id": 17, "fixtures_count": 181}, "timestamp": 1784466283397}
{"sessionId": "ce07cd", "hypothesisId": "H1", "location": "predictor.py:predict_upcoming_start", "message": "predict loop start", "data": {"fixtures_count": 181, "model_version": "v3", "model_name": "random_forest"}, "timestamp": 1784466283398}
{"sessionId": "ce07cd", "hypothesisId": "H2", "location": "predictor.py:predict_progress", "message": "fixture batch processed", "data": {"fixture_index": 1, "total": 181, "event_key": 12147489, "has_prob": true}, "timestamp": 1784466413972}
{"sessionId": "ce07cd", "hypothesisId": "H2", "location": "predictor.py:predict_progress", "message": "fixture batch processed", "data": {"fixture_index": 25, "total": 181, "event_key": 12147629, "has_prob": false}, "timestamp": 1784466416467}
{"sessionId": "ce07cd", "hypothesisId": "H2", "location": "predictor.py:predict_progress", "message": "fixture batch processed", "data": {"fixture_index": 50, "total": 181, "event_key": 12147692, "has_prob": false}, "timestamp": 1784466418339}
{"sessionId": "ce07cd", "hypothesisId": "H2", "location": "predictor.py:predict_progress", "message": "fixture batch processed", "data": {"fixture_index": 75, "total": 181, "event_key": 12147564, "has_prob": true}, "timestamp": 1784466420435}
{"sessionId": "ce07cd", "hypothesisId": "H2", "location": "predictor.py:predict_progress", "message": "fixture batch processed", "data": {"fixture_index": 100, "total": 181, "event_key": 12147688, "has_prob": true}, "timestamp": 1784466422823}
{"sessionId": "ce07cd", "hypothesisId": "H2", "location": "predictor.py:predict_progress", "message": "fixture batch processed", "data": {"fixture_index": 125, "total": 181, "event_key": 12147453, "has_prob": true}, "timestamp": 1784466423677}
{"sessionId": "ce07cd", "hypothesisId": "H2", "location": "predictor.py:predict_progress", "message": "fixture batch processed", "data": {"fixture_index": 150, "total": 181, "event_key": 12147509, "has_prob": false}, "timestamp": 1784466427830}
{"sessionId": "ce07cd", "hypothesisId": "H2", "location": "predictor.py:predict_progress", "message": "fixture batch processed", "data": {"fixture_index": 175, "total": 181, "event_key": 12147719, "has_prob": false}, "timestamp": 1784466430034}
{"sessionId": "ce07cd", "hypothesisId": "H2", "location": "predictor.py:predict_progress", "message": "fixture batch processed", "data": {"fixture_index": 181, "total": 181, "event_key": 12147725, "has_prob": false}, "timestamp": 1784466430068}
{"sessionId": "ce07cd", "hypothesisId": "H1", "location": "predictor.py:predict_upcoming_end", "message": "predict loop end", "data": {"predictions_count": 181}, "timestamp": 1784466430077}
{"sessionId": "ce07cd", "hypothesisId": "H1", "location": "global_update.py:after_predict", "message": "finished predict_upcoming_fixtures", "data": {"run_id": 17, "predictions_count": 181}, "timestamp": 1784466430734}
{"sessionId": "ce07cd", "hypothesisId": "H2", "location": "global_update.py:before_slips", "message": "starting get_daily_betting_slips", "data": {"run_id": 17}, "timestamp": 1784466430736}
{"sessionId": "ce07cd", "hypothesisId": "H2", "location": "global_update.py:after_slips", "message": "finished get_daily_betting_slips", "data": {"run_id": 17, "slips_count": 4}, "timestamp": 1784466430896}
{"sessionId": "ce07cd", "hypothesisId": "H4", "location": "global_update.py:combo_start", "message": "combo processing start", "data": {"run_id": 18, "combo": "v1/logistic_regression", "index": 0, "fixtures_count": 173}, "timestamp": 1784524170842}
{"sessionId": "ce07cd", "hypothesisId": "H1", "location": "global_update.py:before_predict", "message": "starting predict_upcoming_fixtures", "data": {"run_id": 18, "fixtures_count": 173}, "timestamp": 1784524170844}
{"sessionId": "ce07cd", "hypothesisId": "H1", "location": "predictor.py:predict_upcoming_start", "message": "predict loop start", "data": {"fixtures_count": 173, "model_version": "v1", "model_name": "logistic_regression"}, "timestamp": 1784524170846}
{"sessionId": "ce07cd", "hypothesisId": "H2", "location": "predictor.py:predict_progress", "message": "fixture batch processed", "data": {"fixture_index": 1, "total": 173, "event_key": 12147728, "has_prob": true}, "timestamp": 1784524189962}
{"sessionId": "ce07cd", "hypothesisId": "H2", "location": "predictor.py:predict_progress", "message": "fixture batch processed", "data": {"fixture_index": 25, "total": 173, "event_key": 12147760, "has_prob": true}, "timestamp": 1784524191321}
{"sessionId": "ce07cd", "hypothesisId": "H2", "location": "predictor.py:predict_progress", "message": "fixture batch processed", "data": {"fixture_index": 50, "total": 173, "event_key": 12147771, "has_prob": true}, "timestamp": 1784524192819}
{"sessionId": "ce07cd", "hypothesisId": "H2", "location": "predictor.py:predict_progress", "message": "fixture batch processed", "data": {"fixture_index": 75, "total": 173, "event_key": 12147816, "has_prob": true}, "timestamp": 1784524194315}
{"sessionId": "ce07cd", "hypothesisId": "H2", "location": "predictor.py:predict_progress", "message": "fixture batch processed", "data": {"fixture_index": 100, "total": 173, "event_key": 12147568, "has_prob": true}, "timestamp": 1784524195669}
{"sessionId": "ce07cd", "hypothesisId": "H2", "location": "predictor.py:predict_progress", "message": "fixture batch processed", "data": {"fixture_index": 125, "total": 173, "event_key": 12147451, "has_prob": true}, "timestamp": 1784524197026}
{"sessionId": "ce07cd", "hypothesisId": "H2", "location": "predictor.py:predict_progress", "message": "fixture batch processed", "data": {"fixture_index": 150, "total": 173, "event_key": 12147469, "has_prob": true}, "timestamp": 1784524198566}
{"sessionId": "ce07cd", "hypothesisId": "H2", "location": "predictor.py:predict_progress", "message": "fixture batch processed", "data": {"fixture_index": 173, "total": 173, "event_key": 12147807, "has_prob": true}, "timestamp": 1784524199924}
{"sessionId": "ce07cd", "hypothesisId": "H1", "location": "predictor.py:predict_upcoming_end", "message": "predict loop end", "data": {"predictions_count": 173}, "timestamp": 1784524199940}
{"sessionId": "ce07cd", "hypothesisId": "H1", "location": "global_update.py:after_predict", "message": "finished predict_upcoming_fixtures", "data": {"run_id": 18, "predictions_count": 173}, "timestamp": 1784524200319}
{"sessionId": "ce07cd", "hypothesisId": "H2", "location": "global_update.py:before_slips", "message": "starting get_daily_betting_slips", "data": {"run_id": 18}, "timestamp": 1784524200321}
{"sessionId": "ce07cd", "hypothesisId": "H2", "location": "global_update.py:after_slips", "message": "finished get_daily_betting_slips", "data": {"run_id": 18, "slips_count": 9}, "timestamp": 1784524200520}
{"sessionId": "ce07cd", "hypothesisId": "H4", "location": "global_update.py:combo_start", "message": "combo processing start", "data": {"run_id": 18, "combo": "v1/random_forest", "index": 1, "fixtures_count": 173}, "timestamp": 1784524200538}
{"sessionId": "ce07cd", "hypothesisId": "H1", "location": "global_update.py:before_predict", "message": "starting predict_upcoming_fixtures", "data": {"run_id": 18, "fixtures_count": 173}, "timestamp": 1784524200539}
{"sessionId": "ce07cd", "hypothesisId": "H1", "location": "predictor.py:predict_upcoming_start", "message": "predict loop start", "data": {"fixtures_count": 173, "model_version": "v1", "model_name": "random_forest"}, "timestamp": 1784524200541}
{"sessionId": "ce07cd", "hypothesisId": "H2", "location": "predictor.py:predict_progress", "message": "fixture batch processed", "data": {"fixture_index": 1, "total": 173, "event_key": 12147728, "has_prob": true}, "timestamp": 1784524212068}
{"sessionId": "ce07cd", "hypothesisId": "H2", "location": "predictor.py:predict_progress", "message": "fixture batch processed", "data": {"fixture_index": 25, "total": 173, "event_key": 12147760, "has_prob": true}, "timestamp": 1784524214201}
{"sessionId": "ce07cd", "hypothesisId": "H2", "location": "predictor.py:predict_progress", "message": "fixture batch processed", "data": {"fixture_index": 50, "total": 173, "event_key": 12147771, "has_prob": true}, "timestamp": 1784524216322}
{"sessionId": "ce07cd", "hypothesisId": "H2", "location": "predictor.py:predict_progress", "message": "fixture batch processed", "data": {"fixture_index": 75, "total": 173, "event_key": 12147816, "has_prob": true}, "timestamp": 1784524218882}
{"sessionId": "ce07cd", "hypothesisId": "H2", "location": "predictor.py:predict_progress", "message": "fixture batch processed", "data": {"fixture_index": 100, "total": 173, "event_key": 12147568, "has_prob": true}, "timestamp": 1784524221337}
{"sessionId": "ce07cd", "hypothesisId": "H2", "location": "predictor.py:predict_progress", "message": "fixture batch processed", "data": {"fixture_index": 125, "total": 173, "event_key": 12147451, "has_prob": true}, "timestamp": 1784524223751}
{"sessionId": "ce07cd", "hypothesisId": "H2", "location": "predictor.py:predict_progress", "message": "fixture batch processed", "data": {"fixture_index": 150, "total": 173, "event_key": 12147469, "has_prob": true}, "timestamp": 1784524226113}
{"sessionId": "ce07cd", "hypothesisId": "H2", "location": "predictor.py:predict_progress", "message": "fixture batch processed", "data": {"fixture_index": 173, "total": 173, "event_key": 12147807, "has_prob": true}, "timestamp": 1784524228335}
{"sessionId": "ce07cd", "hypothesisId": "H1", "location": "predictor.py:predict_upcoming_end", "message": "predict loop end", "data": {"predictions_count": 173}, "timestamp": 1784524228360}
{"sessionId": "ce07cd", "hypothesisId": "H1", "location": "global_update.py:after_predict", "message": "finished predict_upcoming_fixtures", "data": {"run_id": 18, "predictions_count": 173}, "timestamp": 1784524228722}
{"sessionId": "ce07cd", "hypothesisId": "H2", "location": "global_update.py:before_slips", "message": "starting get_daily_betting_slips", "data": {"run_id": 18}, "timestamp": 1784524228724}
{"sessionId": "ce07cd", "hypothesisId": "H2", "location": "global_update.py:after_slips", "message": "finished get_daily_betting_slips", "data": {"run_id": 18, "slips_count": 9}, "timestamp": 1784524228940}
{"sessionId": "ce07cd", "hypothesisId": "H4", "location": "global_update.py:combo_start", "message": "combo processing start", "data": {"run_id": 18, "combo": "v2/logistic_regression", "index": 2, "fixtures_count": 173}, "timestamp": 1784524228958}
{"sessionId": "ce07cd", "hypothesisId": "H1", "location": "global_update.py:before_predict", "message": "starting predict_upcoming_fixtures", "data": {"run_id": 18, "fixtures_count": 173}, "timestamp": 1784524228958}
{"sessionId": "ce07cd", "hypothesisId": "H1", "location": "predictor.py:predict_upcoming_start", "message": "predict loop start", "data": {"fixtures_count": 173, "model_version": "v2", "model_name": "logistic_regression"}, "timestamp": 1784524228960}
{"sessionId": "ce07cd", "hypothesisId": "H2", "location": "predictor.py:predict_progress", "message": "fixture batch processed", "data": {"fixture_index": 1, "total": 173, "event_key": 12147728, "has_prob": true}, "timestamp": 1784524334119}
{"sessionId": "ce07cd", "hypothesisId": "H2", "location": "predictor.py:predict_progress", "message": "fixture batch processed", "data": {"fixture_index": 25, "total": 173, "event_key": 12147760, "has_prob": true}, "timestamp": 1784524335730}
{"sessionId": "ce07cd", "hypothesisId": "H2", "location": "predictor.py:predict_progress", "message": "fixture batch processed", "data": {"fixture_index": 50, "total": 173, "event_key": 12147771, "has_prob": true}, "timestamp": 1784524337371}
{"sessionId": "ce07cd", "hypothesisId": "H2", "location": "predictor.py:predict_progress", "message": "fixture batch processed", "data": {"fixture_index": 75, "total": 173, "event_key": 12147816, "has_prob": true}, "timestamp": 1784524338990}
{"sessionId": "ce07cd", "hypothesisId": "H2", "location": "predictor.py:predict_progress", "message": "fixture batch processed", "data": {"fixture_index": 100, "total": 173, "event_key": 12147568, "has_prob": true}, "timestamp": 1784524340630}
{"sessionId": "ce07cd", "hypothesisId": "H2", "location": "predictor.py:predict_progress", "message": "fixture batch processed", "data": {"fixture_index": 125, "total": 173, "event_key": 12147451, "has_prob": true}, "timestamp": 1784524342132}
{"sessionId": "ce07cd", "hypothesisId": "H2", "location": "predictor.py:predict_progress", "message": "fixture batch processed", "data": {"fixture_index": 150, "total": 173, "event_key": 12147469, "has_prob": true}, "timestamp": 1784524343693}
{"sessionId": "ce07cd", "hypothesisId": "H2", "location": "predictor.py:predict_progress", "message": "fixture batch processed", "data": {"fixture_index": 173, "total": 173, "event_key": 12147807, "has_prob": true}, "timestamp": 1784524345307}
{"sessionId": "ce07cd", "hypothesisId": "H1", "location": "predictor.py:predict_upcoming_end", "message": "predict loop end", "data": {"predictions_count": 173}, "timestamp": 1784524345323}
{"sessionId": "ce07cd", "hypothesisId": "H1", "location": "global_update.py:after_predict", "message": "finished predict_upcoming_fixtures", "data": {"run_id": 18, "predictions_count": 173}, "timestamp": 1784524346154}
{"sessionId": "ce07cd", "hypothesisId": "H2", "location": "global_update.py:before_slips", "message": "starting get_daily_betting_slips", "data": {"run_id": 18}, "timestamp": 1784524346157}
{"sessionId": "ce07cd", "hypothesisId": "H2", "location": "global_update.py:after_slips", "message": "finished get_daily_betting_slips", "data": {"run_id": 18, "slips_count": 9}, "timestamp": 1784524346355}
{"sessionId": "ce07cd", "hypothesisId": "H4", "location": "global_update.py:combo_start", "message": "combo processing start", "data": {"run_id": 18, "combo": "v2/random_forest", "index": 3, "fixtures_count": 173}, "timestamp": 1784524346377}
{"sessionId": "ce07cd", "hypothesisId": "H1", "location": "global_update.py:before_predict", "message": "starting predict_upcoming_fixtures", "data": {"run_id": 18, "fixtures_count": 173}, "timestamp": 1784524346378}
{"sessionId": "ce07cd", "hypothesisId": "H1", "location": "predictor.py:predict_upcoming_start", "message": "predict loop start", "data": {"fixtures_count": 173, "model_version": "v2", "model_name": "random_forest"}, "timestamp": 1784524346379}
{"sessionId": "ce07cd", "hypothesisId": "H4", "location": "global_update.py:combo_start", "message": "combo processing start", "data": {"run_id": 18, "combo": "v3/logistic_regression", "index": 4, "fixtures_count": 173}, "timestamp": 1784524362607}
{"sessionId": "ce07cd", "hypothesisId": "H1", "location": "global_update.py:before_predict", "message": "starting predict_upcoming_fixtures", "data": {"run_id": 18, "fixtures_count": 173}, "timestamp": 1784524362608}
{"sessionId": "ce07cd", "hypothesisId": "H1", "location": "predictor.py:predict_upcoming_start", "message": "predict loop start", "data": {"fixtures_count": 173, "model_version": "v3", "model_name": "logistic_regression"}, "timestamp": 1784524362609}
{"sessionId": "ce07cd", "hypothesisId": "H4", "location": "global_update.py:combo_start", "message": "combo processing start", "data": {"run_id": 18, "combo": "v3/random_forest", "index": 5, "fixtures_count": 173}, "timestamp": 1784524380110}
{"sessionId": "ce07cd", "hypothesisId": "H1", "location": "global_update.py:before_predict", "message": "starting predict_upcoming_fixtures", "data": {"run_id": 18, "fixtures_count": 173}, "timestamp": 1784524380111}
{"sessionId": "ce07cd", "hypothesisId": "H1", "location": "predictor.py:predict_upcoming_start", "message": "predict loop start", "data": {"fixtures_count": 173, "model_version": "v3", "model_name": "random_forest"}, "timestamp": 1784524380113}
{"sessionId": "ce07cd", "hypothesisId": "H4", "location": "global_update.py:combo_start", "message": "combo processing start", "data": {"run_id": 19, "combo": "v1/logistic_regression", "index": 0, "fixtures_count": 173}, "timestamp": 1784525601764}
{"sessionId": "ce07cd", "hypothesisId": "H1", "location": "global_update.py:before_predict", "message": "starting predict_upcoming_fixtures", "data": {"run_id": 19, "fixtures_count": 173}, "timestamp": 1784525601764}
{"sessionId": "ce07cd", "hypothesisId": "H1", "location": "predictor.py:predict_upcoming_start", "message": "predict loop start", "data": {"fixtures_count": 173, "model_version": "v1", "model_name": "logistic_regression"}, "timestamp": 1784525601765}
{"sessionId": "ce07cd", "hypothesisId": "H2", "location": "predictor.py:predict_progress", "message": "fixture batch processed", "data": {"fixture_index": 1, "total": 173, "event_key": 12147728, "has_prob": true}, "timestamp": 1784525609049}
{"sessionId": "ce07cd", "hypothesisId": "H2", "location": "predictor.py:predict_progress", "message": "fixture batch processed", "data": {"fixture_index": 25, "total": 173, "event_key": 12147760, "has_prob": true}, "timestamp": 1784525610509}
{"sessionId": "ce07cd", "hypothesisId": "H2", "location": "predictor.py:predict_progress", "message": "fixture batch processed", "data": {"fixture_index": 50, "total": 173, "event_key": 12147771, "has_prob": true}, "timestamp": 1784525611879}
{"sessionId": "ce07cd", "hypothesisId": "H2", "location": "predictor.py:predict_progress", "message": "fixture batch processed", "data": {"fixture_index": 75, "total": 173, "event_key": 12147816, "has_prob": true}, "timestamp": 1784525613368}
{"sessionId": "ce07cd", "hypothesisId": "H2", "location": "predictor.py:predict_progress", "message": "fixture batch processed", "data": {"fixture_index": 100, "total": 173, "event_key": 12147568, "has_prob": true}, "timestamp": 1784525614802}
{"sessionId": "ce07cd", "hypothesisId": "H2", "location": "predictor.py:predict_progress", "message": "fixture batch processed", "data": {"fixture_index": 125, "total": 173, "event_key": 12147451, "has_prob": true}, "timestamp": 1784525616276}
{"sessionId": "ce07cd", "hypothesisId": "H2", "location": "predictor.py:predict_progress", "message": "fixture batch processed", "data": {"fixture_index": 150, "total": 173, "event_key": 12147469, "has_prob": true}, "timestamp": 1784525617817}
{"sessionId": "ce07cd", "hypothesisId": "H2", "location": "predictor.py:predict_progress", "message": "fixture batch processed", "data": {"fixture_index": 173, "total": 173, "event_key": 12147807, "has_prob": true}, "timestamp": 1784525619230}
{"sessionId": "ce07cd", "hypothesisId": "H1", "location": "predictor.py:predict_upcoming_end", "message": "predict loop end", "data": {"predictions_count": 173}, "timestamp": 1784525619250}
{"sessionId": "ce07cd", "hypothesisId": "H1", "location": "global_update.py:after_predict", "message": "finished predict_upcoming_fixtures", "data": {"run_id": 19, "predictions_count": 173}, "timestamp": 1784525619599}
{"sessionId": "ce07cd", "hypothesisId": "H2", "location": "global_update.py:before_slips", "message": "starting get_daily_betting_slips", "data": {"run_id": 19}, "timestamp": 1784525619600}
{"sessionId": "ce07cd", "hypothesisId": "H2", "location": "global_update.py:after_slips", "message": "finished get_daily_betting_slips", "data": {"run_id": 19, "slips_count": 9}, "timestamp": 1784525619884}
{"sessionId": "ce07cd", "hypothesisId": "H4", "location": "global_update.py:combo_start", "message": "combo processing start", "data": {"run_id": 19, "combo": "v1/random_forest", "index": 1, "fixtures_count": 173}, "timestamp": 1784525619911}
{"sessionId": "ce07cd", "hypothesisId": "H1", "location": "global_update.py:before_predict", "message": "starting predict_upcoming_fixtures", "data": {"run_id": 19, "fixtures_count": 173}, "timestamp": 1784525619912}
{"sessionId": "ce07cd", "hypothesisId": "H1", "location": "predictor.py:predict_upcoming_start", "message": "predict loop start", "data": {"fixtures_count": 173, "model_version": "v1", "model_name": "random_forest"}, "timestamp": 1784525619913}
{"sessionId": "ce07cd", "hypothesisId": "H2", "location": "predictor.py:predict_progress", "message": "fixture batch processed", "data": {"fixture_index": 1, "total": 173, "event_key": 12147728, "has_prob": true}, "timestamp": 1784525630409}
{"sessionId": "ce07cd", "hypothesisId": "H2", "location": "predictor.py:predict_progress", "message": "fixture batch processed", "data": {"fixture_index": 25, "total": 173, "event_key": 12147760, "has_prob": true}, "timestamp": 1784525632787}
{"sessionId": "ce07cd", "hypothesisId": "H2", "location": "predictor.py:predict_progress", "message": "fixture batch processed", "data": {"fixture_index": 50, "total": 173, "event_key": 12147771, "has_prob": true}, "timestamp": 1784525635410}
{"sessionId": "ce07cd", "hypothesisId": "H2", "location": "predictor.py:predict_progress", "message": "fixture batch processed", "data": {"fixture_index": 75, "total": 173, "event_key": 12147816, "has_prob": true}, "timestamp": 1784525637867}
{"sessionId": "ce07cd", "hypothesisId": "H2", "location": "predictor.py:predict_progress", "message": "fixture batch processed", "data": {"fixture_index": 100, "total": 173, "event_key": 12147568, "has_prob": true}, "timestamp": 1784525640554}
{"sessionId": "ce07cd", "hypothesisId": "H2", "location": "predictor.py:predict_progress", "message": "fixture batch processed", "data": {"fixture_index": 125, "total": 173, "event_key": 12147451, "has_prob": true}, "timestamp": 1784525643019}
{"sessionId": "ce07cd", "hypothesisId": "H2", "location": "predictor.py:predict_progress", "message": "fixture batch processed", "data": {"fixture_index": 150, "total": 173, "event_key": 12147469, "has_prob": true}, "timestamp": 1784525645313}
{"sessionId": "ce07cd", "hypothesisId": "H2", "location": "predictor.py:predict_progress", "message": "fixture batch processed", "data": {"fixture_index": 173, "total": 173, "event_key": 12147807, "has_prob": true}, "timestamp": 1784525647526}
{"sessionId": "ce07cd", "hypothesisId": "H1", "location": "predictor.py:predict_upcoming_end", "message": "predict loop end", "data": {"predictions_count": 173}, "timestamp": 1784525647549}
{"sessionId": "ce07cd", "hypothesisId": "H1", "location": "global_update.py:after_predict", "message": "finished predict_upcoming_fixtures", "data": {"run_id": 19, "predictions_count": 173}, "timestamp": 1784525647932}
{"sessionId": "ce07cd", "hypothesisId": "H2", "location": "global_update.py:before_slips", "message": "starting get_daily_betting_slips", "data": {"run_id": 19}, "timestamp": 1784525647934}
{"sessionId": "ce07cd", "hypothesisId": "H2", "location": "global_update.py:after_slips", "message": "finished get_daily_betting_slips", "data": {"run_id": 19, "slips_count": 9}, "timestamp": 1784525648199}
{"sessionId": "ce07cd", "hypothesisId": "H4", "location": "global_update.py:combo_start", "message": "combo processing start", "data": {"run_id": 19, "combo": "v2/logistic_regression", "index": 2, "fixtures_count": 173}, "timestamp": 1784525648225}
{"sessionId": "ce07cd", "hypothesisId": "H1", "location": "global_update.py:before_predict", "message": "starting predict_upcoming_fixtures", "data": {"run_id": 19, "fixtures_count": 173}, "timestamp": 1784525648226}
{"sessionId": "ce07cd", "hypothesisId": "H1", "location": "predictor.py:predict_upcoming_start", "message": "predict loop start", "data": {"fixtures_count": 173, "model_version": "v2", "model_name": "logistic_regression"}, "timestamp": 1784525648230}
{"sessionId": "ce07cd", "hypothesisId": "H4", "location": "global_update.py:combo_start", "message": "combo processing start", "data": {"run_id": 19, "combo": "v2/random_forest", "index": 3, "fixtures_count": 173}, "timestamp": 1784525664191}
{"sessionId": "ce07cd", "hypothesisId": "H1", "location": "global_update.py:before_predict", "message": "starting predict_upcoming_fixtures", "data": {"run_id": 19, "fixtures_count": 173}, "timestamp": 1784525664192}
{"sessionId": "ce07cd", "hypothesisId": "H1", "location": "predictor.py:predict_upcoming_start", "message": "predict loop start", "data": {"fixtures_count": 173, "model_version": "v2", "model_name": "random_forest"}, "timestamp": 1784525664194}
{"sessionId": "ce07cd", "hypothesisId": "H4", "location": "global_update.py:combo_start", "message": "combo processing start", "data": {"run_id": 19, "combo": "v3/logistic_regression", "index": 4, "fixtures_count": 173}, "timestamp": 1784525678710}
{"sessionId": "ce07cd", "hypothesisId": "H1", "location": "global_update.py:before_predict", "message": "starting predict_upcoming_fixtures", "data": {"run_id": 19, "fixtures_count": 173}, "timestamp": 1784525678711}
{"sessionId": "ce07cd", "hypothesisId": "H1", "location": "predictor.py:predict_upcoming_start", "message": "predict loop start", "data": {"fixtures_count": 173, "model_version": "v3", "model_name": "logistic_regression"}, "timestamp": 1784525678713}
{"sessionId": "ce07cd", "hypothesisId": "H4", "location": "global_update.py:combo_start", "message": "combo processing start", "data": {"run_id": 19, "combo": "v3/random_forest", "index": 5, "fixtures_count": 173}, "timestamp": 1784525691974}
{"sessionId": "ce07cd", "hypothesisId": "H1", "location": "global_update.py:before_predict", "message": "starting predict_upcoming_fixtures", "data": {"run_id": 19, "fixtures_count": 173}, "timestamp": 1784525691976}
{"sessionId": "ce07cd", "hypothesisId": "H1", "location": "predictor.py:predict_upcoming_start", "message": "predict loop start", "data": {"fixtures_count": 173, "model_version": "v3", "model_name": "random_forest"}, "timestamp": 1784525691977}
{"sessionId": "ce07cd", "hypothesisId": "H4", "location": "global_update.py:combo_start", "message": "combo processing start", "data": {"run_id": 20, "combo": "v1/logistic_regression", "index": 0, "fixtures_count": 169}, "timestamp": 1784535205668}
{"sessionId": "ce07cd", "hypothesisId": "H1", "location": "global_update.py:before_predict", "message": "starting predict_upcoming_fixtures", "data": {"run_id": 20, "fixtures_count": 169}, "timestamp": 1784535205670}
{"sessionId": "ce07cd", "hypothesisId": "H1", "location": "predictor.py:predict_upcoming_start", "message": "predict loop start", "data": {"fixtures_count": 169, "model_version": "v1", "model_name": "logistic_regression"}, "timestamp": 1784535205672}
{"sessionId": "ce07cd", "hypothesisId": "H2", "location": "predictor.py:predict_progress", "message": "fixture batch processed", "data": {"fixture_index": 1, "total": 169, "event_key": 12147751, "has_prob": true}, "timestamp": 1784535214043}
{"sessionId": "ce07cd", "hypothesisId": "H2", "location": "predictor.py:predict_progress", "message": "fixture batch processed", "data": {"fixture_index": 25, "total": 169, "event_key": 12147467, "has_prob": true}, "timestamp": 1784535214437}
{"sessionId": "ce07cd", "hypothesisId": "H2", "location": "predictor.py:predict_progress", "message": "fixture batch processed", "data": {"fixture_index": 50, "total": 169, "event_key": 12147685, "has_prob": true}, "timestamp": 1784535214845}
{"sessionId": "ce07cd", "hypothesisId": "H2", "location": "predictor.py:predict_progress", "message": "fixture batch processed", "data": {"fixture_index": 75, "total": 169, "event_key": 12147814, "has_prob": true}, "timestamp": 1784535215258}
{"sessionId": "ce07cd", "hypothesisId": "H2", "location": "predictor.py:predict_progress", "message": "fixture batch processed", "data": {"fixture_index": 100, "total": 169, "event_key": 12147631, "has_prob": true}, "timestamp": 1784535215646}
{"sessionId": "ce07cd", "hypothesisId": "H2", "location": "predictor.py:predict_progress", "message": "fixture batch processed", "data": {"fixture_index": 125, "total": 169, "event_key": 12147478, "has_prob": true}, "timestamp": 1784535216060}
{"sessionId": "ce07cd", "hypothesisId": "H2", "location": "predictor.py:predict_progress", "message": "fixture batch processed", "data": {"fixture_index": 150, "total": 169, "event_key": 12147795, "has_prob": true}, "timestamp": 1784535216440}
{"sessionId": "ce07cd", "hypothesisId": "H2", "location": "predictor.py:predict_progress", "message": "fixture batch processed", "data": {"fixture_index": 169, "total": 169, "event_key": 12147807, "has_prob": true}, "timestamp": 1784535216731}
{"sessionId": "ce07cd", "hypothesisId": "H1", "location": "predictor.py:predict_upcoming_end", "message": "predict loop end", "data": {"predictions_count": 169}, "timestamp": 1784535216737}
{"sessionId": "ce07cd", "hypothesisId": "H1", "location": "global_update.py:after_predict", "message": "finished predict_upcoming_fixtures", "data": {"run_id": 20, "predictions_count": 169}, "timestamp": 1784535216906}
{"sessionId": "ce07cd", "hypothesisId": "H2", "location": "global_update.py:before_slips", "message": "starting get_daily_betting_slips", "data": {"run_id": 20}, "timestamp": 1784535216906}
{"sessionId": "ce07cd", "hypothesisId": "H2", "location": "global_update.py:after_slips", "message": "finished get_daily_betting_slips", "data": {"run_id": 20, "slips_count": 9}, "timestamp": 1784535217019}
{"sessionId": "ce07cd", "hypothesisId": "H4", "location": "global_update.py:combo_start", "message": "combo processing start", "data": {"run_id": 20, "combo": "v1/random_forest", "index": 1, "fixtures_count": 169}, "timestamp": 1784535217027}
{"sessionId": "ce07cd", "hypothesisId": "H1", "location": "global_update.py:before_predict", "message": "starting predict_upcoming_fixtures", "data": {"run_id": 20, "fixtures_count": 169}, "timestamp": 1784535217028}
{"sessionId": "ce07cd", "hypothesisId": "H1", "location": "predictor.py:predict_upcoming_start", "message": "predict loop start", "data": {"fixtures_count": 169, "model_version": "v1", "model_name": "random_forest"}, "timestamp": 1784535217028}
{"sessionId": "ce07cd", "hypothesisId": "H2", "location": "predictor.py:predict_progress", "message": "fixture batch processed", "data": {"fixture_index": 1, "total": 169, "event_key": 12147751, "has_prob": true}, "timestamp": 1784535222979}
{"sessionId": "ce07cd", "hypothesisId": "H2", "location": "predictor.py:predict_progress", "message": "fixture batch processed", "data": {"fixture_index": 25, "total": 169, "event_key": 12147467, "has_prob": true}, "timestamp": 1784535224014}
{"sessionId": "ce07cd", "hypothesisId": "H2", "location": "predictor.py:predict_progress", "message": "fixture batch processed", "data": {"fixture_index": 50, "total": 169, "event_key": 12147685, "has_prob": true}, "timestamp": 1784535225025}
{"sessionId": "ce07cd", "hypothesisId": "H2", "location": "predictor.py:predict_progress", "message": "fixture batch processed", "data": {"fixture_index": 75, "total": 169, "event_key": 12147814, "has_prob": true}, "timestamp": 1784535225996}
{"sessionId": "ce07cd", "hypothesisId": "H2", "location": "predictor.py:predict_progress", "message": "fixture batch processed", "data": {"fixture_index": 100, "total": 169, "event_key": 12147631, "has_prob": true}, "timestamp": 1784535226843}
{"sessionId": "ce07cd", "hypothesisId": "H2", "location": "predictor.py:predict_progress", "message": "fixture batch processed", "data": {"fixture_index": 125, "total": 169, "event_key": 12147478, "has_prob": true}, "timestamp": 1784535227729}
{"sessionId": "ce07cd", "hypothesisId": "H2", "location": "predictor.py:predict_progress", "message": "fixture batch processed", "data": {"fixture_index": 150, "total": 169, "event_key": 12147795, "has_prob": true}, "timestamp": 1784535228598}
{"sessionId": "ce07cd", "hypothesisId": "H2", "location": "predictor.py:predict_progress", "message": "fixture batch processed", "data": {"fixture_index": 169, "total": 169, "event_key": 12147807, "has_prob": true}, "timestamp": 1784535229293}
{"sessionId": "ce07cd", "hypothesisId": "H1", "location": "predictor.py:predict_upcoming_end", "message": "predict loop end", "data": {"predictions_count": 169}, "timestamp": 1784535229301}
{"sessionId": "ce07cd", "hypothesisId": "H1", "location": "global_update.py:after_predict", "message": "finished predict_upcoming_fixtures", "data": {"run_id": 20, "predictions_count": 169}, "timestamp": 1784535229479}
{"sessionId": "ce07cd", "hypothesisId": "H2", "location": "global_update.py:before_slips", "message": "starting get_daily_betting_slips", "data": {"run_id": 20}, "timestamp": 1784535229479}
{"sessionId": "ce07cd", "hypothesisId": "H2", "location": "global_update.py:after_slips", "message": "finished get_daily_betting_slips", "data": {"run_id": 20, "slips_count": 9}, "timestamp": 1784535229580}
{"sessionId": "ce07cd", "hypothesisId": "H4", "location": "global_update.py:combo_start", "message": "combo processing start", "data": {"run_id": 20, "combo": "v2/logistic_regression", "index": 2, "fixtures_count": 169}, "timestamp": 1784535229591}
{"sessionId": "ce07cd", "hypothesisId": "H1", "location": "global_update.py:before_predict", "message": "starting predict_upcoming_fixtures", "data": {"run_id": 20, "fixtures_count": 169}, "timestamp": 1784535229592}
{"sessionId": "ce07cd", "hypothesisId": "H1", "location": "predictor.py:predict_upcoming_start", "message": "predict loop start", "data": {"fixtures_count": 169, "model_version": "v2", "model_name": "logistic_regression"}, "timestamp": 1784535229592}
{"sessionId": "ce07cd", "hypothesisId": "H2", "location": "predictor.py:predict_progress", "message": "fixture batch processed", "data": {"fixture_index": 1, "total": 169, "event_key": 12147751, "has_prob": true}, "timestamp": 1784535265221}
{"sessionId": "ce07cd", "hypothesisId": "H2", "location": "predictor.py:predict_progress", "message": "fixture batch processed", "data": {"fixture_index": 25, "total": 169, "event_key": 12147467, "has_prob": true}, "timestamp": 1784535265782}
{"sessionId": "ce07cd", "hypothesisId": "H2", "location": "predictor.py:predict_progress", "message": "fixture batch processed", "data": {"fixture_index": 50, "total": 169, "event_key": 12147685, "has_prob": true}, "timestamp": 1784535266283}
{"sessionId": "ce07cd", "hypothesisId": "H2", "location": "predictor.py:predict_progress", "message": "fixture batch processed", "data": {"fixture_index": 75, "total": 169, "event_key": 12147814, "has_prob": true}, "timestamp": 1784535266812}
{"sessionId": "ce07cd", "hypothesisId": "H2", "location": "predictor.py:predict_progress", "message": "fixture batch processed", "data": {"fixture_index": 100, "total": 169, "event_key": 12147631, "has_prob": true}, "timestamp": 1784535267326}
{"sessionId": "ce07cd", "hypothesisId": "H2", "location": "predictor.py:predict_progress", "message": "fixture batch processed", "data": {"fixture_index": 125, "total": 169, "event_key": 12147478, "has_prob": true}, "timestamp": 1784535267916}
{"sessionId": "ce07cd", "hypothesisId": "H2", "location": "predictor.py:predict_progress", "message": "fixture batch processed", "data": {"fixture_index": 150, "total": 169, "event_key": 12147795, "has_prob": true}, "timestamp": 1784535268489}
{"sessionId": "ce07cd", "hypothesisId": "H2", "location": "predictor.py:predict_progress", "message": "fixture batch processed", "data": {"fixture_index": 169, "total": 169, "event_key": 12147807, "has_prob": true}, "timestamp": 1784535269011}
{"sessionId": "ce07cd", "hypothesisId": "H1", "location": "predictor.py:predict_upcoming_end", "message": "predict loop end", "data": {"predictions_count": 169}, "timestamp": 1784535269020}
{"sessionId": "ce07cd", "hypothesisId": "H1", "location": "global_update.py:after_predict", "message": "finished predict_upcoming_fixtures", "data": {"run_id": 20, "predictions_count": 169}, "timestamp": 1784535269412}
{"sessionId": "ce07cd", "hypothesisId": "H2", "location": "global_update.py:before_slips", "message": "starting get_daily_betting_slips", "data": {"run_id": 20}, "timestamp": 1784535269413}
{"sessionId": "ce07cd", "hypothesisId": "H2", "location": "global_update.py:after_slips", "message": "finished get_daily_betting_slips", "data": {"run_id": 20, "slips_count": 9}, "timestamp": 1784535269510}
{"sessionId": "ce07cd", "hypothesisId": "H4", "location": "global_update.py:combo_start", "message": "combo processing start", "data": {"run_id": 20, "combo": "v2/random_forest", "index": 3, "fixtures_count": 169}, "timestamp": 1784535269521}
{"sessionId": "ce07cd", "hypothesisId": "H1", "location": "global_update.py:before_predict", "message": "starting predict_upcoming_fixtures", "data": {"run_id": 20, "fixtures_count": 169}, "timestamp": 1784535269522}
{"sessionId": "ce07cd", "hypothesisId": "H1", "location": "predictor.py:predict_upcoming_start", "message": "predict loop start", "data": {"fixtures_count": 169, "model_version": "v2", "model_name": "random_forest"}, "timestamp": 1784535269522}
{"sessionId": "ce07cd", "hypothesisId": "H2", "location": "predictor.py:predict_progress", "message": "fixture batch processed", "data": {"fixture_index": 1, "total": 169, "event_key": 12147751, "has_prob": true}, "timestamp": 1784535299615}
{"sessionId": "ce07cd", "hypothesisId": "H2", "location": "predictor.py:predict_progress", "message": "fixture batch processed", "data": {"fixture_index": 25, "total": 169, "event_key": 12147467, "has_prob": true}, "timestamp": 1784535300607}
{"sessionId": "ce07cd", "hypothesisId": "H2", "location": "predictor.py:predict_progress", "message": "fixture batch processed", "data": {"fixture_index": 50, "total": 169, "event_key": 12147685, "has_prob": true}, "timestamp": 1784535301629}
{"sessionId": "ce07cd", "hypothesisId": "H2", "location": "predictor.py:predict_progress", "message": "fixture batch processed", "data": {"fixture_index": 75, "total": 169, "event_key": 12147814, "has_prob": true}, "timestamp": 1784535302683}
{"sessionId": "ce07cd", "hypothesisId": "H2", "location": "predictor.py:predict_progress", "message": "fixture batch processed", "data": {"fixture_index": 100, "total": 169, "event_key": 12147631, "has_prob": true}, "timestamp": 1784535303751}
{"sessionId": "ce07cd", "hypothesisId": "H2", "location": "predictor.py:predict_progress", "message": "fixture batch processed", "data": {"fixture_index": 125, "total": 169, "event_key": 12147478, "has_prob": true}, "timestamp": 1784535304842}
{"sessionId": "ce07cd", "hypothesisId": "H2", "location": "predictor.py:predict_progress", "message": "fixture batch processed", "data": {"fixture_index": 150, "total": 169, "event_key": 12147795, "has_prob": true}, "timestamp": 1784535305941}
{"sessionId": "ce07cd", "hypothesisId": "H2", "location": "predictor.py:predict_progress", "message": "fixture batch processed", "data": {"fixture_index": 169, "total": 169, "event_key": 12147807, "has_prob": true}, "timestamp": 1784535306692}
{"sessionId": "ce07cd", "hypothesisId": "H1", "location": "predictor.py:predict_upcoming_end", "message": "predict loop end", "data": {"predictions_count": 169}, "timestamp": 1784535306700}
{"sessionId": "ce07cd", "hypothesisId": "H1", "location": "global_update.py:after_predict", "message": "finished predict_upcoming_fixtures", "data": {"run_id": 20, "predictions_count": 169}, "timestamp": 1784535307008}
{"sessionId": "ce07cd", "hypothesisId": "H2", "location": "global_update.py:before_slips", "message": "starting get_daily_betting_slips", "data": {"run_id": 20}, "timestamp": 1784535307009}
{"sessionId": "ce07cd", "hypothesisId": "H2", "location": "global_update.py:after_slips", "message": "finished get_daily_betting_slips", "data": {"run_id": 20, "slips_count": 9}, "timestamp": 1784535307098}
{"sessionId": "ce07cd", "hypothesisId": "H4", "location": "global_update.py:combo_start", "message": "combo processing start", "data": {"run_id": 20, "combo": "v3/logistic_regression", "index": 4, "fixtures_count": 169}, "timestamp": 1784535307108}
{"sessionId": "ce07cd", "hypothesisId": "H1", "location": "global_update.py:before_predict", "message": "starting predict_upcoming_fixtures", "data": {"run_id": 20, "fixtures_count": 169}, "timestamp": 1784535307109}
{"sessionId": "ce07cd", "hypothesisId": "H1", "location": "predictor.py:predict_upcoming_start", "message": "predict loop start", "data": {"fixtures_count": 169, "model_version": "v3", "model_name": "logistic_regression"}, "timestamp": 1784535307110}
{"sessionId": "ce07cd", "hypothesisId": "H2", "location": "predictor.py:predict_progress", "message": "fixture batch processed", "data": {"fixture_index": 1, "total": 169, "event_key": 12147751, "has_prob": true}, "timestamp": 1784535339365}
{"sessionId": "ce07cd", "hypothesisId": "H2", "location": "predictor.py:predict_progress", "message": "fixture batch processed", "data": {"fixture_index": 25, "total": 169, "event_key": 12147467, "has_prob": true}, "timestamp": 1784535340039}
{"sessionId": "ce07cd", "hypothesisId": "H2", "location": "predictor.py:predict_progress", "message": "fixture batch processed", "data": {"fixture_index": 50, "total": 169, "event_key": 12147685, "has_prob": true}, "timestamp": 1784535340632}
{"sessionId": "ce07cd", "hypothesisId": "H2", "location": "predictor.py:predict_progress", "message": "fixture batch processed", "data": {"fixture_index": 75, "total": 169, "event_key": 12147814, "has_prob": false}, "timestamp": 1784535341120}
{"sessionId": "ce07cd", "hypothesisId": "H2", "location": "predictor.py:predict_progress", "message": "fixture batch processed", "data": {"fixture_index": 100, "total": 169, "event_key": 12147631, "has_prob": true}, "timestamp": 1784535341604}
{"sessionId": "ce07cd", "hypothesisId": "H2", "location": "predictor.py:predict_progress", "message": "fixture batch processed", "data": {"fixture_index": 125, "total": 169, "event_key": 12147478, "has_prob": true}, "timestamp": 1784535342139}
{"sessionId": "ce07cd", "hypothesisId": "H2", "location": "predictor.py:predict_progress", "message": "fixture batch processed", "data": {"fixture_index": 150, "total": 169, "event_key": 12147795, "has_prob": true}, "timestamp": 1784535342613}
{"sessionId": "ce07cd", "hypothesisId": "H2", "location": "predictor.py:predict_progress", "message": "fixture batch processed", "data": {"fixture_index": 169, "total": 169, "event_key": 12147807, "has_prob": false}, "timestamp": 1784535342879}
{"sessionId": "ce07cd", "hypothesisId": "H1", "location": "predictor.py:predict_upcoming_end", "message": "predict loop end", "data": {"predictions_count": 169}, "timestamp": 1784535342883}
{"sessionId": "ce07cd", "hypothesisId": "H1", "location": "global_update.py:after_predict", "message": "finished predict_upcoming_fixtures", "data": {"run_id": 20, "predictions_count": 169}, "timestamp": 1784535343215}
{"sessionId": "ce07cd", "hypothesisId": "H2", "location": "global_update.py:before_slips", "message": "starting get_daily_betting_slips", "data": {"run_id": 20}, "timestamp": 1784535343215}
{"sessionId": "ce07cd", "hypothesisId": "H2", "location": "global_update.py:after_slips", "message": "finished get_daily_betting_slips", "data": {"run_id": 20, "slips_count": 6}, "timestamp": 1784535343294}
{"sessionId": "ce07cd", "hypothesisId": "H4", "location": "global_update.py:combo_start", "message": "combo processing start", "data": {"run_id": 20, "combo": "v3/random_forest", "index": 5, "fixtures_count": 169}, "timestamp": 1784535343301}
{"sessionId": "ce07cd", "hypothesisId": "H1", "location": "global_update.py:before_predict", "message": "starting predict_upcoming_fixtures", "data": {"run_id": 20, "fixtures_count": 169}, "timestamp": 1784535343302}
{"sessionId": "ce07cd", "hypothesisId": "H1", "location": "predictor.py:predict_upcoming_start", "message": "predict loop start", "data": {"fixtures_count": 169, "model_version": "v3", "model_name": "random_forest"}, "timestamp": 1784535343302}
{"sessionId": "ce07cd", "hypothesisId": "H2", "location": "predictor.py:predict_progress", "message": "fixture batch processed", "data": {"fixture_index": 1, "total": 169, "event_key": 12147751, "has_prob": true}, "timestamp": 1784535371750}
{"sessionId": "ce07cd", "hypothesisId": "H2", "location": "predictor.py:predict_progress", "message": "fixture batch processed", "data": {"fixture_index": 25, "total": 169, "event_key": 12147467, "has_prob": true}, "timestamp": 1784535372606}
{"sessionId": "ce07cd", "hypothesisId": "H2", "location": "predictor.py:predict_progress", "message": "fixture batch processed", "data": {"fixture_index": 50, "total": 169, "event_key": 12147685, "has_prob": true}, "timestamp": 1784535373467}
{"sessionId": "ce07cd", "hypothesisId": "H2", "location": "predictor.py:predict_progress", "message": "fixture batch processed", "data": {"fixture_index": 75, "total": 169, "event_key": 12147814, "has_prob": false}, "timestamp": 1784535374289}
{"sessionId": "ce07cd", "hypothesisId": "H2", "location": "predictor.py:predict_progress", "message": "fixture batch processed", "data": {"fixture_index": 100, "total": 169, "event_key": 12147631, "has_prob": true}, "timestamp": 1784535375221}
{"sessionId": "ce07cd", "hypothesisId": "H2", "location": "predictor.py:predict_progress", "message": "fixture batch processed", "data": {"fixture_index": 125, "total": 169, "event_key": 12147478, "has_prob": true}, "timestamp": 1784535376110}
{"sessionId": "ce07cd", "hypothesisId": "H2", "location": "predictor.py:predict_progress", "message": "fixture batch processed", "data": {"fixture_index": 150, "total": 169, "event_key": 12147795, "has_prob": true}, "timestamp": 1784535376972}
{"sessionId": "ce07cd", "hypothesisId": "H2", "location": "predictor.py:predict_progress", "message": "fixture batch processed", "data": {"fixture_index": 169, "total": 169, "event_key": 12147807, "has_prob": false}, "timestamp": 1784535377465}
{"sessionId": "ce07cd", "hypothesisId": "H1", "location": "predictor.py:predict_upcoming_end", "message": "predict loop end", "data": {"predictions_count": 169}, "timestamp": 1784535377468}
{"sessionId": "ce07cd", "hypothesisId": "H1", "location": "global_update.py:after_predict", "message": "finished predict_upcoming_fixtures", "data": {"run_id": 20, "predictions_count": 169}, "timestamp": 1784535377755}
{"sessionId": "ce07cd", "hypothesisId": "H2", "location": "global_update.py:before_slips", "message": "starting get_daily_betting_slips", "data": {"run_id": 20}, "timestamp": 1784535377755}
{"sessionId": "ce07cd", "hypothesisId": "H2", "location": "global_update.py:after_slips", "message": "finished get_daily_betting_slips", "data": {"run_id": 20, "slips_count": 4}, "timestamp": 1784535377821}
